Sisqo,Thong Song,253733,0.706,pop
Eminem,The Real Slim Shady,284200,0.949,rock/pop
Robbie Williams,Rock DJ,258560,0.708,pop/country
Destiny's Child,Say My Name,271333,0.713,rock/metal
Modjo,Lady,307153,0.72,pop
Gigi D'Agostino,L'Amour Toujours,238759,0.617,hip hop/pop/R&B
Eiffel 65,Move Your Body,268863,0.745,hip hop
Bomfunk MC's,Freestyler,306333,0.822,pop/rock
Sting,Desert Rose,285960,0.586,pop/R&B
Melanie C,Never Be The Same Again,294200,0.689,Dance/Electronic
Aaliyah,Try Again,284000,0.797,pop
Anastacia,I'm Outta Love,245400,0.761,pop
Alice Deejay,Better Off Alone,214883,0.671,pop
Gigi D'Agostino,The Riddle,285426,0.74,rock/pop
Dr. Dre,The Next Episode,161506,0.922,pop/Dance/Electronic
Linkin Park,In the End,216880,0.556,hip hop/pop/R&B
Tom Jones,Sexbomb,211893,0.801,pop
Sonique,It Feels So Good,240866,0.634,pop
M.O.P.,Cold as Ice,244466,0.656,pop
Melanie C,I Turn To You,352173,0.522,hip hop
Limp Bizkit,Take A Look Around,321040,0.425,rock/metal
Darude,Sandstorm,225493,0.528,rock/Folk/Acoustic/easy listening
Da Brat,What'chu Like,221160,0.879,pop
Moloko,The Time Is Now,318280,0.682,hip hop
Chicane,Don't Give Up,210786,0.644,pop/Dance/Electronic
DMX,Party Up,268866,0.51,metal
Debelah Morgan,Dance with Me,220106,0.85,pop/Dance/Electronic
Britney Spears,Oops!...I Did It Again,211160,0.751,hip hop/pop/R&B
blink 182,All The Small Things,167066,0.434,pop/Dance/Electronic
Faith Hill,Breathe,250546,0.529,Dance/Electronic
Bon Jovi,It's My Life,224493,0.551,hip hop/pop
*NSYNC,Bye Bye Bye,200560,0.614,pop/R&B
Madonna,Music,225973,0.736,pop
Ruff Endz,No More,242560,0.839,R&B
Britney Spears,Born to Make You Happy,243533,0.633,pop
Montell Jordan,Get It On Tonite,276266,0.813,hip hop/pop/R&B
Kylie Minogue,Spinning Around,207866,0.761,pop/Dance/Electronic
JAY,Big Pimpin',283066,0.88,hip hop
LeAnn Rimes,I Need You,229826,0.478,pop/country
Avant,Separated,255600,0.798,pop/R&B
Enrique Iglesias,Be With You,219360,0.683,pop/latin
Toni Braxton,He Wasn't Man Enough,261933,0.739,pop/R&B
Bow Wow,Bounce With Me,175893,0.852,hip hop/pop/R&B
Dr. Dre,Forgot About Dre,222293,0.924,hip hop
Missy Elliott,Hot Boyz,215466,0.727,hip hop/pop/R&B
Backstreet Boys,Show Me the Meaning of Being Lonely,234960,0.63,pop
Samantha Mumba,Gotta Tell You,201946,0.729,pop
Mya,Case Of The Ex,236906,0.772,pop/R&B
Mary Mary,Shackles,198346,0.779,R&B
Next,Wifey,243666,0.829,hip hop/pop/R&B
Janet Jackson,Doesn't Really Matter,265026,0.771,pop/R&B
Ricky Martin,She Bangs,280626,0.63,pop/latin
Jagged Edge,He Can't Love U,244053,0.721,hip hop/pop/R&B
Sisqo,Incomplete,274226,0.746,hip hop/pop/R&B
JAY,I Just Wanna Love U,227866,0.8,hip hop
Mariah Carey,Thank God I Found You,257360,0.348,pop/R&B
Baha Men,Who Let The Dogs Out,198400,0.869,R&B
Donell Jones,U Know What's Up,243733,0.854,pop/R&B
LeAnn Rimes,Can't Fight The Moonlight,215506,0.628,pop/country
Oasis,Go Let It Out,278666,0.408,Folk/Acoustic/rock
DJ Atzi,Hey Baby,219240,0.666,pop/easy listening/Dance/Electronic
P!nk,Most Girls,298960,0.742,pop
Mariah Carey,Against All Odds,199480,0.471,pop/R&B
Craig David,Fill Me In,257200,0.682,hip hop/pop/R&B
Christina Aguilera,I Turn to You,273706,0.599,pop
Madonna,American Pie,273533,0.631,pop
Red Hot Chili Peppers,Otherside,255373,0.458,rock
Sammie,I Like It,251040,0.826,hip hop/pop/R&B
Craig David,7 Days,235133,0.659,hip hop/pop/R&B
Santana,Maria Maria,261973,0.777,rock/blues/latin
Kandi,Don't Think I'm Not,243533,0.859,pop/R&B
P!nk,There You Go,202800,0.822,pop
Vengaboys,Shalala Lala,214819,0.751,pop
Ronan Keating,Life Is A Rollercoaster,234826,0.655,pop/rock
Madison Avenue,Don't Call Me Baby,228140,0.808,Dance/Electronic
Destiny's Child,Jumpin' - Jumpin',230200,0.771,pop/R&B
Celine Dion,That's the Way It Is,241373,0.634,pop
3 Doors Down,Kryptonite,233933,0.545,pop/rock/metal
Carl Thomas,I Wish,226760,0.736,pop/R&B
Mystikal,Shake Ya Ass,256973,0.914,hip hop/pop
Fuel,Hemorrhage,236866,0.313,rock/pop/metal
Donell Jones,Where I Wanna Be,253626,0.664,pop/R&B
Savage Garden,Crash and Burn,281466,0.581,pop
Westlife,My Love,231760,0.491,pop
All Saints,Pure Shores,268746,0.631,pop
Destiny's Child,Independent Women - Pt. 1,221133,0.73,pop/R&B
*NSYNC,It's Gonna Be Me,191040,0.644,pop
Erykah Badu,Bag Lady,348893,0.724,hip hop/R&B
Marc Anthony,You Sang To Me,347106,0.578,pop/latin
Matchbox Twenty,Bent,256133,0.518,pop/rock
Gabrielle,Rise,219093,0.558,pop/R&B
Backstreet Boys,Shape of My Heart,230093,0.575,pop
Creed,With Arms Wide Open,274800,0.41,pop/rock/metal
The Corrs,Breathless,207506,0.607,pop/Folk/Acoustic
Joe,I Wanna Know,296693,0.725,pop/R&B
Wheatus,Teenage Dirtbag,241666,0.625,pop
Christina Aguilera,Come on over Baby,203333,0.829,pop
Creed,Higher,316733,0.459,pop/rock/metal
Britney Spears,Lucky,206226,0.765,pop
Nelly,Country Grammar,287000,0.865,hip hop/pop/R&B
Shaggy,It Wasn't Me,227600,0.853,hip hop/pop
Destiny's Child,Survivor,254026,0.514,pop/R&B
Eminem,Stan,404106,0.78,hip hop
Kylie Minogue,Can't Get You out of My Head,230640,0.766,pop/Dance/Electronic
Christina Aguilera,Lady Marmalade,264893,0.76,pop
Nelly Furtado,I'm Like A Bird,243160,0.622,hip hop/pop/latin
Shakira,Whenever - Wherever,196160,0.794,pop/latin
Jimmy Eat World,The Middle,165853,0.643,rock/pop
Train,Drops of Jupiter,259933,0.481,pop
Geri Halliwell,It's Raining Men,254640,0.637,pop
Blu Cantrell,Hit 'Em Up Style,250706,0.667,pop/R&B
Britney Spears,I'm a Slave 4 U,203600,0.847,pop
Kylie Minogue,In Your Eyes,197826,0.689,pop/Dance/Electronic
Missy Elliott,One Minute Man,252986,0.622,hip hop/pop/R&B
Mary J. Blige,Family Affair,265866,0.911,pop/R&B
Faithless,We Come 1,222435,0.645,pop/Dance/Electronic
Limp Bizkit,Rollin',213760,0.603,metal
Lasgo,Something,220973,0.643,pop
iio,Rapture,253586,0.661,Dance/Electronic
Emma Bunton,What Took You So Long?,241000,0.668,pop
112,It's Over Now,264933,0.66,hip hop/pop/R&B
Blue,All Rise,223546,0.721,pop
Jessica Simpson,Irresistible,194026,0.657,pop/R&B
Crazy Town,Butterfly,216733,0.736,rock/metal
Michael Jackson,You Rock My World,337733,0.854,pop/R&B
Eve,Let Me Blow Ya Mind,230133,0.908,hip hop/pop/R&B
Jennifer Lopez,Ain't It Funny,246160,0.707,hip hop/pop/R&B
Brandy,Another Day in Paradise,271626,0.7,hip hop/pop/R&B
Nickelback,How You Remind Me,223840,0.446,rock/metal
Daft Punk,One More Time,320357,0.613,hip hop/Dance/Electronic
Outkast,Ms. Jackson,270506,0.843,hip hop/pop
Fragma,Everytime You Need Me,213346,0.682,pop/Dance/Electronic
Mariah Carey,Loverboy,229173,0.721,pop/R&B
Dido,Thank You,218360,0.725,pop
Joe,Stutter,213026,0.767,pop/R&B
P.O.D.,Youth of the Nation,256240,0.563,rock/metal
Jennifer Lopez,Play,211493,0.775,hip hop/pop/R&B
Missy Elliott,Get Ur Freak On,211120,0.797,hip hop/pop/R&B
Ricky Martin,Nobody Wants to Be Lonely,252706,0.635,pop/latin
Christina Milian,AM To PM,231213,0.872,hip hop/pop/R&B
Roger Sanchez,Another Chance,452906,0.61,Dance/Electronic
Gorillaz,Clint Eastwood,340920,0.663,hip hop
2Pac,Until The End Of Time,266506,0.757,hip hop
Tamia,Stranger in My House,285386,0.676,pop/R&B
Mary J. Blige,No More Drama,326240,0.653,pop/R&B
Jennifer Lopez,Love Don't Cost a Thing,221226,0.786,hip hop/pop/R&B
Jamiroquai,Little L,295400,0.878,pop
Case,Missing You,284666,0.612,hip hop/pop/R&B
112,Peaches & Cream,193093,0.677,hip hop/pop/R&B
Five,Let's Dance,218626,0.631,pop
Rui Da Silva,Touch Me,213133,0.464,Dance/Electronic
Alien Ant Farm,Smooth Criminal,209266,0.653,rock/metal
Erick Sermon,Music,223133,0.897,hip hop/pop
D12,Purple Pills,304506,0.78,hip hop/pop/rock
Usher,Pop Ya Collar,210813,0.888,hip hop/pop/R&B
Madonna,Don't Tell Me,280973,0.699,pop
Blue,If You Come Back,207560,0.582,pop
Atomic Kitten,Eternal Flame,195506,0.578,pop
Jagged Edge,Where the Party At,232573,0.596,hip hop/pop/R&B
Afroman,Because I Got High,197760,0.802,hip hop
S Club 7,Don't Stop Movin',233626,0.822,pop
Craig David,Fill Me In,257200,0.682,hip hop/pop/R&B
Nelly Furtado,Turn Off The Light,276106,0.587,hip hop/pop/latin
The Supermen Lovers,Starlight,234400,0.739,Dance/Electronic
Mis,All I Want,207400,0.795,pop/Dance/Electronic
Jagged Edge,Promise,246720,0.751,hip hop/pop/R&B
S Club 7,Have You Ever,201533,0.585,pop
Enya,Only Time,218546,0.418,World/Traditional/Folk/Acoustic
Faith Hill,There You'll Be,222120,0.321,pop/country
Ronan Keating,Lovin' Each Day,212973,0.541,pop/rock
Destiny's Child,Bootylicious,207906,0.84,pop/R&B
Steps,It's the Way You Make Me Feel,197360,0.573,pop/Dance/Electronic
Sunshine Anderson,Heard It All Before,295826,0.697,pop/R&B
Lenny Kravitz,Again,231666,0.55,rock/pop
Daniel Bedingfield,Gotta Get Thru This,162333,0.836,pop
DB Boulevard,Point Of View,231166,0.676,Dance/Electronic
Janet Jackson,All For You,329933,0.753,pop/R&B
Atomic Kitten,Whole Again,185013,0.747,pop
Ja Rule,Livin' It Up,257066,0.874,hip hop/pop/R&B
Destiny's Child,Independent Women - Pt. 1,221133,0.73,pop/R&B
DJ Pied Piper,Do You Really Like It?,217120,0.847,Dance/Electronic
Jennifer Lopez,I'm Real,262133,0.708,hip hop/pop/R&B
Musiq Soulchild,Love,304666,0.569,pop/R&B
So Solid Crew,21 Seconds,302826,0.607,Dance/Electronic
Robbie Williams,Eternity,302760,0.469,pop/rock
Basement Jaxx,Romeo,217493,0.713,pop/Dance/Electronic
Ludacris,Southern Hospitality,300933,0.623,hip hop/pop
Gabrielle,Rise,219093,0.558,pop/R&B
Nelly,Ride Wit Me,291781,0.85,hip hop/pop/R&B
Trick Daddy,I'm a Thug,254400,0.933,hip hop/pop
Travis,Sing,228800,0.33,rock/pop
JAY,Izzo,240626,0.618,hip hop
Gabrielle,Out Of Reach,196986,0.51,pop/R&B
OPM,Heaven Is a Halfpipe,257426,0.743,rock
K,Crazy,262773,0.68,pop/R&B
Staind,It's Been Awhile,264706,0.509,rock/metal
3LW,No More,263440,0.721,pop/R&B
Ginuwine,Differences,265533,0.562,hip hop/pop/R&B
*NSYNC,Gone,292000,0.699,pop
Lifehouse,Hanging By A Moment,216360,0.537,pop/rock/metal
Nelly,Dilemma,289160,0.727,hip hop/pop/R&B
Eminem,Without Me,290320,0.908,hip hop
Avril Lavigne,Complicated,244506,0.585,pop
Vanessa Carlton,A Thousand Miles,237493,0.56,Folk/Acoustic/pop
The Calling,Wherever You Will Go,208600,0.558,pop
Shakira,Underneath Your Clothes,224066,0.616,pop/latin
No Doubt,Underneath It All,302720,0.729,rock/pop
Truth Hurts,Addictive,226440,0.701,pop/R&B
Busta Rhymes,I Know What You Want,324306,0.648,hip hop/pop
Eminem,Till I Collapse,297786,0.548,hip hop
Diddy,I Need a Girl,285586,0.713,hip hop/pop
Christina Milian,When You Look At Me,222546,0.955,hip hop/pop/R&B
Madonna,Die Another Day,276360,0.792,pop
Jennifer Lopez,I'm Gonna Be Alright,172240,0.718,hip hop/pop/R&B
Angie Martinez,If I Could Go!,244466,0.583,pop
Linkin Park,In the End,216880,0.556,rock/metal
Las Ketchup,The Ketchup Song,213973,0.607,pop
Aaliyah,Rock The Boat,275026,0.641,hip hop/pop/R&B
Holly Valance,Kiss Kiss,204400,0.705,pop/Dance/Electronic
Sugababes,Round Round,236426,0.74,pop/R&B
Marilyn Manson,Tainted Love,200426,0.622,rock/metal
Brandy,What About Us?,253200,0.686,hip hop/pop/R&B
Chad Kroeger,Hero,200480,0.427,metal
Britney Spears,Overprotected,198600,0.682,pop
Scooter,The Logical Song,234116,0.527,pop/Dance/Electronic
Missy Elliott,4 My People,289373,0.969,hip hop/pop/R&B
Aaliyah,More Than A Woman,230346,0.646,hip hop/pop/R&B
Brandy,Full Moon,248933,0.611,hip hop/pop/R&B
Blue,One Love,207186,0.683,pop
Busta Rhymes,Pass The Courvoisier Part II,238600,0.697,hip hop/pop
Celine Dion,A New Day Has Come,259773,0.574,pop
Scooter,Nessaja,208449,0.486,pop/Dance/Electronic
Eve,Gangsta Lovin',239266,0.723,hip hop/pop/R&B
Disturbing Tha Peace,Move Bitch,272293,0.777,hip hop/pop
Khia,My Neck - My Back,222560,0.859,pop/R&B
Tweet,Oops,237800,0.66,hip hop/pop/R&B
Kylie Minogue,Spinning Around,207866,0.761,pop/Dance/Electronic
Nelly,Hot In Herre,228240,0.956,hip hop/pop/R&B
Gareth Gates,Anyone of Us,227866,0.7,pop
Christina Aguilera,Dirrty,298853,0.64,pop
B2K,Uh Huh,223293,0.855,hip hop/pop/R&B
Sugababes,Freak Like Me,195866,0.517,pop/R&B
Dirty Vegas,Days Go By,432146,0.786,Dance/Electronic
Fat Joe,What's Luv?,267093,0.835,hip hop/pop
Liberty X,Just A Little,237359,0.786,pop
No Doubt,Hella Good,242586,0.771,rock/pop
LL Cool J,Luv U Better,287000,0.668,hip hop/pop/R&B
Red Hot Chili Peppers,Can't Stop,269000,0.618,rock
Musiq Soulchild,Halfcrazy,254493,0.412,pop/R&B
Sean Paul,Gimme the Light,228000,0.778,hip hop/pop
Faith Evans,I Love You,267160,0.489,hip hop/pop/R&B
Charli Baltimore,Down 4 U,318213,0.64,pop
Kylie Minogue,Love at First Sight,238266,0.603,pop/Dance/Electronic
N.O.R.E.,Nothin',264653,0.791,hip hop/pop
Gareth Gates,Unchained Melody,233666,0.368,pop
Diddy,I Need a Girl,268800,0.66,hip hop/pop
Big Brovaz,Nu Flow,201480,0.783,pop
No Doubt,Hey Baby,207040,0.705,rock/pop
Ashanti,Baby,265706,0.567,hip hop/pop/R&B
Sophie Ellis,Murder On The Dancefloor,230013,0.734,pop/Dance/Electronic
Justin Timberlake,Like I Love You,283626,0.853,pop
Mary J. Blige,Rainy Dayz,276373,0.412,pop/R&B
A1,Caught in the Middle,206466,0.519,pop
Eminem,Cleanin' Out My Closet,297840,0.908,hip hop
Ashanti,Happy,262226,0.727,hip hop/pop/R&B
Delta Goodrem,Born to Try,251280,0.542,pop
P!nk,Get the Party Started,192533,0.802,pop
Alicia Keys,A Woman's Worth,303333,0.652,pop/R&B
Daniel Bedingfield,Gotta Get Thru This,161240,0.838,pop
Coldplay,Clocks,307879,0.577,rock/pop
Missy Elliott,Work It,263226,0.884,hip hop/pop/R&B
Ronan Keating,If Tomorrow Never Comes,214306,0.555,pop/rock
Big Tymers,Still Fly,335613,0.675,hip hop/pop
Creed,My Sacrifice,294600,0.32,pop/rock/metal
Ja Rule,Always On Time,245133,0.839,hip hop/pop/R&B
Ashanti,Foolish,227386,0.665,hip hop/pop/R&B
Avril Lavigne,Sk8er Boi,204000,0.487,pop
DJ Sammy,Heaven,233600,0.571,pop
Britney Spears,I'm Not a Girl - Not Yet a Woman,231066,0.534,pop
Camron,Oh Boy,204706,0.754,hip hop/pop
Red Hot Chili Peppers,By the Way,216933,0.451,rock
Elvis Presley,A Little Less Conversation,211506,0.597,rock/easy listening
Atomic Kitten,The Tide Is High,206093,0.783,pop
*NSYNC,Girlfriend,253600,0.745,pop
Robbie Williams,Somethin' Stupid,170493,0.654,pop/rock
Alanis Morissette,Hands Clean,269400,0.513,pop/Folk/Acoustic
Usher,U Don't Have to Call,269400,0.793,hip hop/pop/R&B
Creed,One Last Breath,242000,0.38,pop/rock/metal
The Goo Goo Dolls,Here Is Gone,238173,0.338,pop/rock
Puddle Of Mudd,She Hates Me,216760,0.58,rock/metal
Ludacris,Rollout,296586,0.921,hip hop/pop
Blazin' Squad,Crossroads,188693,0.661,pop
Default,Wasting My Time,268693,0.443,rock/pop/metal
Michelle Branch,All You Wanted,217680,0.499,pop/Folk/Acoustic
Daniel Bedingfield,If You're Not The One,257026,0.688,pop
Enrique Iglesias,Escape,208626,0.776,pop/latin
Puddle Of Mudd,Blurry,303920,0.432,rock/metal
Coldplay,In My Place,226680,0.424,rock/pop
Outkast,The Whole World,295346,0.814,hip hop/pop
P!nk,Don't Let Me Get Me,210693,0.624,pop
50 Cent,In Da Club,193466,0.899,hip hop/pop
Sean Paul,Get Busy,211666,0.735,hip hop/pop
Eminem,Lose Yourself,322226,0.686,hip hop
Beyonce,Crazy In Love,236133,0.646,pop/R&B
Counting Crows,Big Yellow Taxi,225426,0.669,rock/pop
Black Eyed Peas,Where Is The Love?,272533,0.835,hip hop/pop
Jennifer Lopez,Jenny from the Block,187840,0.845,hip hop/pop/R&B
Black Eyed Peas,Shut Up,296186,0.81,hip hop/pop
t.A.T.u.,All The Things She Said,214440,0.527,pop
Benny Benassi,Satisfaction,285570,0.793,pop/Dance/Electronic
Busta Rhymes,I Know What You Want,324306,0.648,hip hop/pop
Panjabi MC,Mundian to Bach Ke,244666,0.778,World/Traditional/hip hop
Mis,Scandalous,238840,0.734,pop/Dance/Electronic
JAY,03' Bonnie & Clyde,205560,0.759,hip hop
50 Cent,P.I.M.P.,249480,0.712,hip hop/pop
Jamelia,Superstar,215480,0.801,pop
Linkin Park,Faint,162600,0.554,rock/metal
DMX,X Gon' Give It To Ya,217586,0.761,hip hop/pop
Evanescence,Bring Me To Life,235893,0.331,metal
Sugababes,Hole In The Head,218173,0.785,pop/R&B
Craig David,Rise & Fall,287226,0.405,hip hop/pop/R&B
Three Days Grace,I Hate Everything About You,231480,0.498,rock/metal
Lil Jon & The East Side Boyz,Get Low,324600,0.78,hip hop/pop
B2K,Bump - Bump - Bump,282773,0.835,hip hop/pop/R&B
Baby Bash,Suga Suga,239026,0.662,hip hop/pop/R&B/latin
Aaliyah,Miss You,245240,0.602,hip hop/pop/R&B
Britney Spears,Me Against the Music,223773,0.804,pop
Blue,Sorry Seems To Be The Hardest Word,210066,0.564,pop
Delta Goodrem,Lost Without You,248546,0.581,pop
Justin Timberlake,Rock Your Body,267266,0.892,pop
The White Stripes,Seven Nation Army,231920,0.741,rock/blues
Youngbloodz,Damn!,298600,0.772,hip hop/pop
Beyonce,Baby Boy,244826,0.655,pop/R&B
Lil' Kim,Magic Stick,359973,0.849,hip hop/pop/R&B
Christina Aguilera,Can't Hold Us Down,255266,0.859,pop
Nickelback,Someday,207466,0.455,rock/metal
Blue,U Make Me Wanna,222400,0.6,pop
Ashanti,Rain On Me,297960,0.606,hip hop/pop/R&B
Trapt,Headstrong,285569,0.492,rock/metal
Simply Red,Sunrise,199040,0.791,rock/R&B/Folk/Acoustic/pop
Lumidee,Never Leave You,184906,0.811,pop/R&B
Girls Aloud,Sound Of The Underground,221426,0.568,pop/Dance/Electronic
Nelly,Shake Ya Tailfeather,293666,0.527,hip hop/pop/R&B
Room 5,Make Luv,212413,0.883,Dance/Electronic
Fatman Scoop,Be Faithful,164506,0.649,hip hop
Limp Bizkit,Behind Blue Eyes,269973,0.595,metal
Sugababes,Too Lost In You,237693,0.586,pop/R&B
50 Cent,Wanksta,219400,0.802,hip hop/pop
Pharrell Williams,Frontin',236506,0.894,hip hop/pop
Chingy,Right Thurr,250746,0.866,hip hop/pop/R&B
Eminem,Sing For The Moment,339546,0.668,hip hop
Lil' Kim,The Jump Off,234800,0.853,hip hop/pop/R&B
Maya,My Love Is Like...Wo,209533,0.831,pop/R&B
50 Cent,21 Questions,224440,0.646,hip hop/pop
Nelly,Air Force Ones,304000,0.784,hip hop/pop/R&B
Missy Elliott,Gossip Folks,234893,0.707,hip hop/pop/R&B
Girls Aloud,Jump,220360,0.658,pop/Dance/Electronic
Ultrabeat,Pretty Green Eyes,201920,0.553,pop/Dance/Electronic
Christina Aguilera,Fighter,245960,0.435,pop
Frankie J,Don't Wanna Try,245293,0.655,hip hop/pop/R&B
Snoop Dogg,Beautiful,299146,0.893,hip hop/pop
Floetry,Say Yes,268373,0.747,hip hop/pop/R&B
Ginuwine,In Those Jeans,243306,0.691,hip hop/pop/R&B
Electric Six,Danger! High Voltage,214600,0.66,rock
Rachel Stevens,Sweet Dreams My LA Ex,208386,0.85,pop/Dance/Electronic
Ludacris,Stand Up,213760,0.751,hip hop/pop
Nas,I Can,253720,0.837,hip hop
3 Doors Down,When I'm Gone,260333,0.53,pop/rock/metal
Tyrese,How You Gonna Act Like That,294693,0.733,hip hop/pop/R&B
Justin Timberlake,Cry Me a River,288333,0.624,pop
Westlife,Mandy,199320,0.447,pop
No Doubt,It's My Life,226053,0.612,rock/pop
Amanda Perez,Angel,218760,0.638,pop/R&B
JAY,Excuse Me Miss,281240,0.714,hip hop
Coldplay,Clocks,307879,0.577,rock/pop
Kelly Rowland,Stole,249293,0.649,hip hop/pop/R&B
Missy Elliott,Work It,263226,0.884,hip hop/pop/R&B
Ashanti,Rock Wit U,209120,0.71,hip hop/pop/R&B
Junior Senior,Move Your Feet,181826,0.747,pop
Audioslave,Like a Stone,293960,0.614,rock/metal
Sean Paul,Like Glue,232506,0.757,hip hop/pop
Jaheim,Put That Woman First,245773,0.649,pop/R&B
Jennifer Lopez,All I Have,254466,0.701,hip hop/pop/R&B
Monica,So Gone,242773,0.618,pop/R&B
Dido,White Flag,240040,0.512,pop
The Roots,The Seed,267933,0.758,hip hop
Chingy,Holidae In,314400,0.81,hip hop/pop/R&B
Fabolous,Can't Let You Go,223973,0.646,hip hop/pop/R&B
Kelly Clarkson,Miss Independent,214773,0.656,pop/R&B
Ja Rule,Mesmerize,278693,0.769,hip hop/pop/R&B
Matchbox Twenty,Unwell,228706,0.256,pop/rock
Outkast,The Way You Move,234000,0.871,hip hop/pop
Fabolous,Into You,295773,0.546,hip hop/pop/R&B
Switchfoot,Meant to Live,201373,0.397,rock/pop
Daniel Bedingfield,If You're Not The One,257026,0.688,pop
Good Charlotte,Lifestyles of the Rich & Famous,190173,0.62,rock/metal
Wayne Wonder,No Letting Go,202013,0.496,hip hop/R&B
The Strokes,Reptilia,219826,0.489,rock
Avril Lavigne,I'm with You,223066,0.457,pop
Will Young,Leave Right Now,214733,0.641,pop
Usher,Yeah!,250373,0.894,hip hop/pop/R&B
Maroon 5,This Love,206200,0.712,pop
Britney Spears,Toxic,198800,0.774,pop
Outkast,Hey Ya!,235213,0.727,hip hop/pop
Hoobastank,The Reason,232800,0.472,pop/rock/metal
Anastacia,Left Outside Alone,257426,0.663,pop
Daddy Yankee,Gasolina,192600,0.857,latin
Black Eyed Peas,Let's Get It Started,217733,0.785,hip hop/pop
O'Zone,Dragostea Din Tei,215431,0.809,pop
Terror Squad,Lean Back,247426,0.783,hip hop
Anastacia,Sick and Tired,212266,0.598,pop
Gwen Stefani,What You Waiting For?,221226,0.676,pop/R&B
Ashanti,Only U,186306,0.601,hip hop/pop/R&B
The Rasmus,In the Shadows,257920,0.6,metal
Houston,I Like That,236520,0.797,hip hop/pop
Beyonce,Naughty Girl,208600,0.735,pop/R&B
Linkin Park,Numb,185586,0.496,rock/metal
Lloyd Banks,On Fire,187280,0.759,hip hop/pop
Akon,Locked Up,235066,0.818,pop
D12,My Band,298773,0.851,hip hop/pop/rock
Jay Sean,Eyes On You,190493,0.802,hip hop/pop/R&B
Mario Winans,I Don't Wanna Know,257333,0.833,pop
Destiny's Child,Lose My Breath,242013,0.814,pop/R&B
Eric Prydz,Call on Me,171360,0.597,pop/Dance/Electronic
Ciara,Goodies,223000,0.826,pop/R&B
Kelis,Trick Me,206106,0.97,pop/R&B/Dance/Electronic
LL Cool J,Headsprung,267320,0.718,hip hop/pop/R&B
Spiderbait,Black Betty,205973,0.562,rock
George Michael,Amazing,265826,0.805,pop
Britney Spears,My Prerogative,213893,0.749,pop
Nina Sky,Move Ya Body,232000,0.87,pop/R&B
Baby Bash,Suga Suga,239026,0.662,hip hop/pop/R&B/latin
Petey Pablo,Freek,235186,0.737,hip hop/pop
JAY,Dirt Off Your Shoulder,245173,0.779,hip hop
Juanes,La Camisa Negra,216706,0.751,pop/latin
Avril Lavigne,Nobody's Home,212413,0.348,pop
Robbie Williams,Radio,233600,0.607,pop/rock
Black Eyed Peas,Hey Mama,214893,0.86,hip hop/pop
Ying Yang Twins,Salt Shaker,252440,0.884,hip hop/pop
Enrique Iglesias,Not In Love,223133,0.762,pop/latin
Kelis,Milkshake,182626,0.881,pop/R&B/Dance/Electronic
Linkin Park,Breaking the Habit,196906,0.579,rock/metal
JoJo,Leave,242746,0.656,hip hop/pop/R&B
Christina Milian,Dip It Low,197186,0.752,hip hop/pop/R&B
Avant,Read Your Mind,263506,0.755,pop/R&B
Eminem,Just Lose It,248680,0.94,hip hop
Sugababes,Too Lost In You,237693,0.586,pop/R&B
Snoop Dogg,Drop It Like It's Hot,266066,0.892,hip hop/pop
Sean Paul,I'm Still in Love with You,273360,0.765,hip hop/pop
The Shapeshifters,Lola's Theme,207066,0.748,Dance/Electronic
D12,How Come,249533,0.745,hip hop/pop/rock
Basement Jaxx,Good Luck,282306,0.571,pop/Dance/Electronic
Kevin Lyttle,Turn Me On,192106,0.677,hip hop
Chingy,One Call Away,276800,0.765,hip hop/pop/R&B
T.I.,Bring Em Out,216706,0.759,hip hop/pop
DJ Casper,Cha Cha Slide,222146,0.853,pop
Kylie Minogue,I Believe in You,200973,0.548,pop/Dance/Electronic
Twista,Overnight Celebrity,233360,0.828,hip hop/pop/R&B
N.E.R.D,She Wants To Move,213786,0.766,hip hop
Britney Spears,Everytime,230306,0.398,pop
U2,Vertigo,193520,0.416,World/Traditional/rock
Franz Ferdinand,Take Me Out,237026,0.277,rock
J,Tipsy,247106,0.925,hip hop/pop
G,Wanna Get To Know You,265026,0.513,hip hop/pop
Lil' Flip,Sunshine,225173,0.814,hip hop/pop
Kanye West,Jesus Walks,193733,0.637,hip hop
Evanescence,My Immortal,262533,0.19,metal
Nelly,My Place,336506,0.6,hip hop/pop/R&B
Lemar,If There's Any Justice,229080,0.706,R&B
No Doubt,It's My Life,226053,0.612,rock/pop
Avril Lavigne,Don't Tell Me,202013,0.523,pop
Twista,Slow Jamz,316053,0.559,hip hop/pop/R&B
Green Day,American Idiot,176346,0.38,rock
Kelis,Millionaire,224933,0.68,pop/R&B/Dance/Electronic
Scissor Sisters,Comfortably Numb,266040,0.803,pop/rock/Dance/Electronic
Alicia Keys,Diary,284160,0.663,pop/R&B
Kanye West,Through The Wire,221226,0.571,hip hop
Special D.,Come With Me,185133,0.739,pop
Ludacris,Splash Waterfalls,290760,0.734,hip hop/pop
Avril Lavigne,My Happy Ending,242413,0.414,pop
Dido,White Flag,240040,0.512,pop
Eamon,Fuck It,225106,0.828,pop
Beyonce,Me - Myself and I,301133,0.75,pop/R&B
3 Doors Down,Here Without You,238733,0.557,pop/rock/metal
Kanye West,All Falls Down,223506,0.657,hip hop
Twista,Sunshine,226013,0.926,hip hop/pop/R&B
Katie Melua,The Closest Thing to Crazy,252466,0.562,pop/easy listening/jazz
Usher,My Boo,223440,0.662,hip hop/pop/R&B
Lloyd,Southside,277840,0.688,hip hop/pop/R&B
LMC,Take Me To The Clouds Above,171546,0.668,Dance/Electronic
The Streets,Fit but You Know It,254266,0.68,hip hop/Dance/Electronic
JUVENILE,Slow Motion,248200,0.713,hip hop/pop
Outkast,The Way You Move,234000,0.871,hip hop/pop
Girls Aloud,Love Machine,205360,0.663,pop/Dance/Electronic
Jessica Simpson,With You,191826,0.553,pop/R&B
Eminem,Like Toy Soldiers,296880,0.52,hip hop
Gary Jules,Mad World,189506,0.345,pop
Ashlee Simpson,Pieces Of Me,217440,0.505,pop
Will Young,Leave Right Now,214733,0.641,pop
Alicia Keys,You Don't Know My Name,366733,0.264,pop/R&B
Mariah Carey,We Belong Together,201400,0.84,pop/R&B
Mario,Let Me Love You,256733,0.656,pop/R&B
Kanye West,Gold Digger,207626,0.629,hip hop
Rihanna,Pon de Replay,246960,0.779,hip hop/pop/R&B
50 Cent,Candy Shop,209106,0.614,hip hop/pop
James Blunt,You're Beautiful,209493,0.675,pop
Green Day,Boulevard of Broken Dreams,261266,0.49,rock
The Pussycat Dolls,Don't Cha,272080,0.875,pop/R&B
Daniel Powter,Bad Day,233640,0.599,pop
Akon,Bananza,238493,0.878,pop
Madonna,Hung Up,337733,0.649,pop
50 Cent,Just A Lil Bit,237706,0.489,hip hop/pop
Crazy Frog,Axel F,168879,0.86,pop
Eminem,Ass Like That,265480,0.646,hip hop
Sean Paul,We Be Burnin',213066,0.95,hip hop/pop
Gwen Stefani,Rich Girl,236213,0.856,pop/R&B
The Chemical Brothers,Galvanize,393813,0.745,Dance/Electronic
Fort Minor,Remember the Name,230493,0.688,hip hop/pop/rock
50 Cent,Disco Inferno,214226,0.925,hip hop/pop
The Game,How We Do,235533,0.862,hip hop/pop
Chris Brown,Run It!,229866,0.846,hip hop/pop/R&B
Mariah Carey,It's Like That,203360,0.8,pop/R&B
Black Eyed Peas,My Humps,326960,0.802,hip hop/pop
Ciara,Oh,256346,0.8,pop/R&B
50 Cent,Outta Control,247506,0.772,hip hop/pop
Baby Bash,Baby - I'm Back,219920,0.899,hip hop/pop/R&B/latin
Jennifer Lopez,Get Right,225533,0.741,hip hop/pop/R&B
JAY,Numb / Encore,205733,0.687,hip hop
The Game,Hate It Or Love It,206400,0.802,hip hop/pop
Gorillaz,Feel Good Inc.,222640,0.818,hip hop
Black Eyed Peas,Don't Phunk With My Heart,239773,0.69,hip hop/pop
Akon,Lonely,235800,0.629,pop
Bodyrockers,I Like The Way,200053,0.642,rock/Dance/Electronic
Sugababes,Push The Button,218093,0.962,pop/R&B
Jeezy,Soul Survivor,280013,0.684,hip hop/pop
Eminem,Mockingbird,250760,0.637,hip hop
Shakira,La Tortura,212893,0.74,pop/latin
Gorillaz,DARE,244999,0.76,hip hop
Snoop Dogg,Signs,236813,0.94,hip hop/pop
Robbie Williams,Tripping,276603,0.666,pop/rock
David Banner,Play,230133,0.837,hip hop/pop
Trillville,Some Cut,283454,0.9,hip hop/pop
D4L,Laffy Taffy,224253,0.891,hip hop/pop
Missy Elliott,Lose Control,226863,0.904,hip hop/pop/R&B
Rob Thomas,Lonely No More,226640,0.551,pop/Folk/Acoustic
Brian McFadden,Almost Here,229826,0.561,pop
Bobby V.,Slow Down,258666,0.568,hip hop/pop/R&B
Backstreet Boys,Incomplete,239586,0.437,pop
Pretty Ricky,Grind With Me,237733,0.7,hip hop/pop/R&B
Kanye West,Diamonds From Sierra Leone,233400,0.672,hip hop
Snoop Dogg,Drop It Like It's Hot,266066,0.892,hip hop/pop
Fat Joe,Get It Poppin',211320,0.905,hip hop/pop
Destiny's Child,Soldier,325573,0.878,pop/R&B
Ciara,1 - 2 Step,202213,0.939,pop/R&B
Amerie,1 Thing,238746,0.636,hip hop/pop/R&B
Ludacris,Get Back,270746,0.555,hip hop/pop
Franz Ferdinand,Do You Want To,215000,0.412,rock
Natalie Imbruglia,Shiver,222653,0.489,pop/Folk/Acoustic
Gwen Stefani,Hollaback Girl,199853,0.926,pop/R&B
Pretty Ricky,Your Body,240040,0.838,hip hop/pop/R&B
Thirty Seconds To Mars,The Kill,231533,0.179,rock
Alicia Keys,Karma,256000,0.727,pop/R&B
2Pac,Ghetto Gospel,238053,0.794,hip hop
Craig David,Don't Love You No More,243986,0.636,hip hop/pop/R&B
Katie Melua,Nine Million Bicycles,197160,0.534,pop/easy listening/jazz
Lil Jon & The East Side Boyz,Lovers And Friends,260600,0.675,hip hop/pop
Mariah Carey,Don't Forget About Us,233866,0.7,pop/R&B
Ying Yang Twins,Wait,179160,0.933,hip hop/pop
Will Smith,Switch,197666,0.873,hip hop/pop
Bow Wow,Like You,205840,0.714,hip hop/pop/R&B
Kaiser Chiefs,Everyday I Love You Less And Less,217706,0.49,rock
Kelly Clarkson,Behind These Hazel Eyes,198973,0.548,pop/R&B
Black Eyed Peas,Don't Lie,219000,0.662,hip hop/pop
Westlife,You Raise Me Up,241066,0.129,pop
Ray J,One Wish,337640,0.525,hip hop/pop/R&B
Papa Roach,Scars,208199,0.455,rock/metal
Arctic Monkeys,I Bet You Look Good On The Dancefloor,173680,0.535,rock
Shayne Ward,That's My Goal,219600,0.286,pop
Bow Wow,Let Me Hold You,248493,0.815,hip hop/pop/R&B
Kaiser Chiefs,I Predict A Riot,233186,0.395,rock
Usher,Caught Up,224640,0.817,hip hop/pop/R&B
Kelly Clarkson,Because of You,219493,0.587,pop/R&B
3 Doors Down,Let Me Go,243053,0.478,pop/rock/metal
Nickelback,Photograph,258920,0.515,rock/metal
T,I'm Sprung,231040,0.722,hip hop/pop/R&B
Destiny's Child,Cater 2 U,245400,0.605,pop/R&B
The Pussycat Dolls,Stickwitu,207506,0.548,pop/R&B
Ryan Cabrera,TRUE,204173,0.598,pop
Stereophonics,Dakota,297426,0.506,rock/pop
Eminem,Like Toy Soldiers,296880,0.52,hip hop
Nelly,Over And Over,253933,0.644,hip hop/pop/R&B
Coldplay,Speed of Sound,287906,0.514,rock/pop
KT Tunstall,Suddenly I See,201706,0.587,World/Traditional/pop/Folk/Acoustic
Destiny's Child,Girl,224146,0.567,pop/R&B
Kelly Clarkson,Since U Been Gone,188960,0.662,pop/R&B
U2,Sometimes You Can't Make It On Your Own,305080,0.53,World/Traditional/rock
The All,Dirty Little Secret,193653,0.469,rock/pop
Toby Keith,As Good As I Once Was,227840,0.68,country
Gwen Stefani,Cool,189333,0.709,pop/R&B
Foo Fighters,Best of You,255626,0.366,rock/metal
Shakira,Hips Don't Lie,218093,0.778,pop/latin
Sean Paul,Temperature,218573,0.951,hip hop/pop
Justin Timberlake,SexyBack,242733,0.967,pop
Beyonce,Irreplaceable,227853,0.447,pop/R&B
Amy Winehouse,Rehab,214946,0.407,R&B
Rihanna,SOS,238920,0.677,hip hop/pop/R&B
Gnarls Barkley,Crazy,177466,0.855,hip hop/R&B
Busta Rhymes,Touch It,214960,0.658,hip hop/pop
Nelly Furtado,Maneater,258893,0.796,hip hop/pop/latin
Bob Sinclar,Rock This Party,245466,0.893,pop/Dance/Electronic
Diddy,Come to Me,276786,0.819,hip hop/pop
Madonna,Sorry,281880,0.589,pop
Chamillionaire,Ridin',303053,0.787,hip hop/pop
Black Eyed Peas,Pump It,213066,0.648,hip hop/pop
Nelly Furtado,Promiscuous,242293,0.808,hip hop/pop/latin
Fedde Le Grand,Put Your Hands Up for Detroit,150533,0.814,pop/Dance/Electronic
Sean Paul,Give It Up to Me,243880,0.711,hip hop/pop
The Pussycat Dolls,Buttons,225560,0.565,pop/R&B
Ciara,Get Up,261880,0.964,pop/R&B
Eminem,Shake That,274440,0.963,hip hop
Cherish,Do It To It,226293,0.826,hip hop/pop/R&B
Muse,Supermassive Black Hole,212439,0.668,rock
Chris Brown,Gimme That,186826,0.678,hip hop/pop/R&B
Infernal,From Paris to Berlin,209666,0.741,pop
Cassie,Me & U,192213,0.803,pop/R&B
E,U and Dat,202720,0.858,hip hop/pop
The Pussycat Dolls,Beep,229360,0.938,pop/R&B
Lil Jon,Snap Yo Fingers,274386,0.835,hip hop/pop
Armand Van Helden,My My My,190000,0.678,pop/Dance/Electronic
The Notorious B.I.G.,Nasty Girl,286186,0.833,hip hop
Yung Joc,It's Goin' Down,241840,0.888,hip hop/pop
Shayne Ward,No Promises,223066,0.5,pop
Justin Timberlake,My Love,276160,0.771,pop
Nickelback,Savin' Me,219320,0.441,rock/metal
Nelly,Grillz,271160,0.867,hip hop/pop/R&B
Take That,Patience,202066,0.309,pop
Fergie,London Bridge,241306,0.769,pop/R&B
Cascada,Everytime We Touch,199120,0.64,hip hop/pop/Dance/Electronic
D4L,Laffy Taffy,224253,0.891,hip hop/pop
LL Cool J,Control Myself,233973,0.825,hip hop/pop/R&B
Beyonce,Deja Vu,240280,0.644,pop/R&B
P!nk,Stupid Girls,197173,0.683,pop
Eminem,When I'm Gone,281320,0.618,hip hop
Kelis,Bossy,273973,0.906,pop/R&B/Dance/Electronic
Bob Sinclar,Love Generation,207613,0.715,pop/Dance/Electronic
Meck,Thunder in My Heart Again,189800,0.679,pop
Mary J. Blige,Be Without You,246333,0.726,pop/R&B
Girls Aloud,Something Kinda Ooooh,201590,0.681,pop/Dance/Electronic
Rihanna,Unfaithful,226973,0.588,hip hop/pop/R&B
Kanye West,Touch The Sky,236600,0.552,hip hop
Dem Franchize Boyz,Lean Wit It - Rock Wit It,229813,0.886,hip hop/pop
Evanescence,Call Me When You're Sober,214706,0.45,metal
Chingy,Pullin' Me Back,234133,0.786,hip hop/pop/R&B
Nickelback,Far Away,238173,0.518,rock/metal
Fall Out Boy,Dance - Dance,180266,0.622,rock
Leona Lewis,A Moment Like This,257293,0.261,pop/R&B
T.I.,What You Know,274333,0.551,hip hop/pop
Ludacris,Money Maker,230613,0.551,hip hop/pop
Nick Lachey,What's Left Of Me,244613,0.42,pop
Jibbs,Chain Hang Low,207586,0.792,hip hop/pop
Arctic Monkeys,When The Sun Goes Down,202133,0.348,rock
Rascal Flatts,Life is a Highway,276773,0.561,country
Beyonce,Check On It,211186,0.7,pop/R&B
Keyshia Cole,Love,255333,0.688,hip hop/pop/R&B
Lily Allen,Smile,196893,0.632,pop
Ne,Sexy Love,220853,0.693,pop/R&B
JoJo,Too Little Too Late,223680,0.535,hip hop/pop/R&B
Mary J. Blige,One,260466,0.344,pop/R&B
Bubba Sparxxx,Ms. New Booty,252653,0.64,hip hop/pop/country
Amy Winehouse,You Know I'm No Good,256946,0.705,R&B
Rascal Flatts,What Hurts The Most,214106,0.537,country
Red Hot Chili Peppers,Dani California,282160,0.556,rock
Scissor Sisters,I Don't Feel Like Dancin',288360,0.707,pop/rock/Dance/Electronic
Ne,So Sick,207186,0.452,pop/R&B
Hinder,Lips Of An Angel,261053,0.474,pop/rock/metal
The Raconteurs,Steady - As She Goes,215266,0.525,rock
The Fratellis,Chelsea Dagger,215306,0.511,rock
Fort Minor,Where'd You Go,231866,0.684,hip hop/pop/rock
The Pussycat Dolls,Stickwitu,207506,0.548,pop/R&B
Panic! At The Disco,I Write Sins Not Tragedies,185586,0.566,rock
James Blunt,Goodbye My Lover,258653,0.432,pop
Christina Aguilera,Ain't No Other Man,228906,0.862,pop
Westlife,The Rose,219106,0.272,pop
Keane,Is It Any Wonder?,186173,0.489,pop
Orson,No Tomorrow,167493,0.656,pop
T,I'm N Luv,265333,0.731,hip hop/pop/R&B
KT Tunstall,Black Horse And The Cherry Tree,172373,0.748,World/Traditional/pop/Folk/Acoustic
Natasha Bedingfield,Unwritten,259333,0.706,pop
Razorlight,America,249760,0.447,rock/pop
James Morrison,You Give Me Something,213173,0.559,pop/R&B
Snow Patrol,You're All I Have,273333,0.467,World/Traditional/rock/pop
The Fray,How to Save a Life,262533,0.64,pop
Sandi Thom,I Wish I Was a Punk Rocker,151640,0.7,World/Traditional/pop
My Chemical Romance,Welcome to the Black Parade,311106,0.217,rock
Razorlight,In The Morning,222453,0.616,rock/pop
The All,Dirty Little Secret,193653,0.469,rock/pop
James Morrison,Wonderful World,210066,0.474,pop/R&B
Chris Brown,Yo,229040,0.536,hip hop/pop/R&B
P!nk,Who Knew,208493,0.688,pop
The Kooks,Naive,203506,0.391,rock
Leona Lewis,Bleeding Love,262466,0.638,pop/R&B
Rihanna,Umbrella,275986,0.583,hip hop/pop/R&B
Britney Spears,Gimme More,251240,0.788,pop
Fergie,Big Girls Don't Cry,268120,0.708,pop/R&B
Mark Ronson,Valerie,219413,0.698,pop
Plain White T's,Hey There Delilah,232533,0.656,pop
Justin Timberlake,What Goes Around.../...Comes Around,448573,0.687,pop
Gwen Stefani,The Sweet Escape,246466,0.756,pop/R&B
Timbaland,The Way I Are,179120,0.731,hip hop/pop/R&B
Nelly Furtado,Say It Right,223080,0.872,hip hop/pop/latin
Ida Corr,Let Me Think About It,151973,0.762,pop
Alex Gaudino,Destination Calabria,223111,0.627,Dance/Electronic
September,Cry for You,209800,0.767,pop/Dance/Electronic
Akon,Smack That,212360,0.94,pop
Timbaland,Give It To Me,234026,0.975,hip hop/pop/R&B
50 Cent,Ayo Technology,247946,0.63,hip hop/pop
Eric Prydz,Proper Education,198567,0.537,pop/Dance/Electronic
Fedde Le Grand,Put Your Hands Up For Detroit,150533,0.827,pop/Dance/Electronic
Ciara,Like a Boy,237053,0.701,pop/R&B
Kanye West,Stronger,311866,0.617,hip hop
Beyonce,Beautiful Liar,199853,0.764,pop/R&B
Gym Class Heroes,Breakfast in America,237173,0.584,hip hop/pop
Akon,I Wanna Love You,247066,0.865,pop
Soulja Boy,Crank That,221933,0.736,hip hop/pop
Fat Joe,Make It Rain,247413,0.744,hip hop/pop
P!nk,U + Ur Hand,214386,0.709,pop
Rihanna,Shut Up And Drive,212280,0.735,hip hop/pop/R&B
Lloyd,Get It Shawty,209533,0.822,hip hop/pop/R&B
Kanye West,Can't Tell Me Nothing,271600,0.596,hip hop
Camille Jones,The Creeps,152333,0.847,pop
Linkin Park,What I've Done,205613,0.623,rock/metal
Keyshia Cole,Last Night,255706,0.918,hip hop/pop/R&B
Chris Brown,Kiss Kiss,250666,0.729,hip hop/pop/R&B
Shop Boyz,Party Like A Rock Star,253400,0.619,hip hop/pop
Finger Eleven,Paralyzer,208106,0.644,rock/metal
Justin Timberlake,Summer Love,252973,0.606,pop
MiMS,This Is Why I'm Hot,253706,0.621,hip hop/pop
Fabolous,Make Me Better,253573,0.607,hip hop/pop/R&B
Seether,Fake It,193893,0.611,rock/metal
Take That,Patience,202066,0.309,pop
Arctic Monkeys,Brianstorm,172866,0.42,rock
Justin Timberlake,My Love,276160,0.771,pop
Fergie,Glamorous,246600,0.811,pop/R&B
Linkin Park,Bleed It Out,166373,0.529,rock/metal
My Chemical Romance,Teenagers,161920,0.463,rock
Calvin Harris,Acceptable in the 80's,333680,0.787,hip hop/pop/Dance/Electronic
Sugababes,About You Now,212400,0.584,pop/R&B
Avril Lavigne,Girlfriend,216600,0.56,pop
Ne,Because Of You,266840,0.81,pop/R&B
Daughtry,It's Not Over,215173,0.45,pop/rock/metal
Unk,Walk It Out,173040,0.794,hip hop/pop
Lloyd,You,273133,0.412,hip hop/pop/R&B
Klaxons,Golden Skans,165120,0.463,rock
T,Bartender,238800,0.675,hip hop/pop/R&B
Baby Boy Da Prince,The Way I Live,324906,0.88,hip hop/pop
Fergie,Fergalicious,292373,0.906,pop/R&B
Omarion,Ice Box,256426,0.775,hip hop/pop/R&B
Pretty Ricky,On the Hotline,242586,0.704,hip hop/pop/R&B
Nickelback,Rockstar,252040,0.616,rock/metal
Fall Out Boy,Thnks fr th Mmrs,203506,0.459,rock
Justin Timberlake,LoveStoned,444333,0.859,pop
All Time Low,Dear Maria - Count Me In,182826,0.459,rock
Amy Winehouse,Back To Black,241293,0.403,R&B
Keyshia Cole,Let It Go,238360,0.808,hip hop/pop/R&B
Ciara,Promise,267413,0.697,pop/R&B
Enrique Iglesias,Do You Know?,219533,0.753,pop/latin
T2,Heartbroken,178613,0.716,Dance/Electronic
Robyn,With Every Heartbeat,254920,0.477,pop/Dance/Electronic
Maroon 5,Makes Me Wonder,211080,0.803,pop
Fall Out Boy,This Ain't A Scene - It's An Arms Race,212040,0.435,rock
Paramore,Misery Business,211520,0.517,pop/rock
Hinder,Better Than Me,223533,0.451,pop/rock/metal
Huey,Pop - Lock & Drop It,261026,0.723,hip hop/pop
Foo Fighters,The Pretender,269373,0.433,rock/metal
Plies,Shawty,255413,0.444,hip hop/pop/R&B
Kaiser Chiefs,Ruby,204200,0.451,rock
Mark Ronson,Stop Me,232946,0.626,pop
Bow Wow,Outta My System,238266,0.772,hip hop/pop/R&B
Jim Jones,We Fly High,236080,0.685,hip hop/pop
The Red Jumpsuit Apparatus,Face Down,192000,0.545,pop
MIKA,Grace Kelly,187733,0.675,pop
Christina Aguilera,Candyman,194213,0.686,pop
Sean Kingston,Beautiful Girls,225373,0.762,hip hop/pop/R&B
Akon,Don't Matter,293066,0.801,pop
James Blunt,1973,280026,0.72,pop
Carrie Underwood,Before He Cheats,199946,0.519,pop/country
Just Jack,Starz In Their Eyes,295933,0.67,Dance/Electronic
T,Buy U a Drank,227960,0.451,hip hop/pop/R&B
Bone Thugs,I Tried,287480,0.727,hip hop/pop
Avril Lavigne,When You're Gone,240493,0.457,pop
Rich Boy,Throw Some D's,263920,0.697,hip hop/pop
MIKA,Love Today,235173,0.673,pop
Manic Street Preachers,Your Love Alone Is Not Enough,235693,0.344,rock/pop
Elliott Yamin,Wait for You,261320,0.764,pop
Wyclef Jean,Sweetest Girl,241133,0.733,pop
Boys Like Girls,The Great Escape,206520,0.423,pop
Take That,Rule The World,237760,0.357,pop
J. Holiday,Bed,275106,0.684,hip hop/pop/R&B/Dance/Electronic
Red Hot Chili Peppers,Snow,334666,0.427,rock
Ludacris,Runaway Love,280680,0.405,hip hop/pop
Flo Rida,Low,231400,0.918,hip hop/pop
Katy Perry,I Kissed A Girl,179640,0.699,pop
Rihanna,Take A Bow,229413,0.697,hip hop/pop/R&B
Alicia Keys,No One,253813,0.644,pop/R&B
Timbaland,Apologize,184400,0.653,hip hop/pop/R&B
Ne,Miss Independent,232000,0.668,pop/R&B
Chris Brown,With You,252120,0.662,hip hop/pop/R&B
Beyonce,If I Were a Boy,249146,0.632,pop/R&B
Kardinal Offishall,Dangerous,246053,0.949,hip hop/pop/R&B
Madcon,Beggin,216146,0.715,hip hop/pop
September,Cry for You,209800,0.767,pop/Dance/Electronic
Rihanna,Disturbia,238626,0.707,hip hop/pop/R&B
Guru Josh Project,Infinity 2008,190013,0.493,hip hop
Britney Spears,Break the Ice,196053,0.712,pop
Lil Wayne,Lollipop,299333,0.829,hip hop/pop
Basshunter,Now You're Gone,148186,0.639,pop
Kanye West,Flashing Lights,237506,0.639,hip hop
Madonna,4 Minutes,189693,0.753,pop
Katy Perry,Hot N Cold,220226,0.706,pop
Rihanna,Don't Stop The Music,267080,0.835,hip hop/pop/R&B
Snoop Dogg,Sensual Seduction,245520,0.756,hip hop/pop
Akon,Right Now,240746,0.83,pop
Britney Spears,Womanizer,224400,0.724,pop
Eric Prydz,Pjanoo,157432,0.605,pop/Dance/Electronic
Kelly Rowland,Work,207920,0.888,hip hop/pop/R&B
Jeezy,Put On,321293,0.654,hip hop/pop
Madonna,Give It 2 Me,287906,0.837,pop
The Pussycat Dolls,When I Grow Up,245680,0.671,pop/R&B
will.i.am,Heartbreaker,327880,0.788,hip hop/pop
Soulja Boy,Crank That,221933,0.736,hip hop/pop
Britney Spears,Piece of Me,212106,0.769,pop
T.I.,Live Your Life,338853,0.375,hip hop/pop
Ne,Closer,234360,0.709,pop/R&B
Lil Wayne,A Milli,221840,0.674,hip hop/pop
Colby O'Donis,What You Got,243013,0.775,hip hop/pop/R&B
Miley Cyrus,See You Again,190453,0.692,pop
Basshunter,All I Ever Wanted,176453,0.645,pop
Chris Brown,Kiss Kiss,250666,0.729,hip hop/pop/R&B
Finger Eleven,Paralyzer,208106,0.644,rock/metal
Alesha Dixon,The Boy Does Nothing,210680,0.632,pop
Dizzee Rascal,Dance Wiv Me,204093,0.878,hip hop/pop/Dance/Electronic
Gabriella Cilmi,Sweet About Me,202133,0.671,R&B
Jack White,Another Way to Die,262240,0.486,rock/blues
Plies,Hypnotized,188493,0.84,hip hop/pop/R&B
The Pussycat Dolls,I Hate This Part,218400,0.756,pop/R&B
Sean Kingston,Take You There,236693,0.752,hip hop/pop/R&B
Natasha Bedingfield,Pocketful of Sunshine,203440,0.726,pop
The Offspring,You're Gonna Go Far - Kid,177826,0.55,rock/pop/metal
Kanye West,Homecoming,203493,0.667,hip hop
Estelle,American Boy,284733,0.727,R&B
Saving Abel,Addicted,222826,0.512,rock/metal
Pendulum,Propane Nightmares,313346,0.356,Dance/Electronic
The Game,My Life,320893,0.673,hip hop/pop
Danity Kane,Damaged,244266,0.774,pop/R&B
P!nk,So What,215160,0.534,pop
Kanye West,Love Lockdown,270306,0.76,hip hop
Gym Class Heroes,Cookie Jar,216317,0.687,hip hop/pop
M.I.A.,Paper Planes,205200,0.447,pop/rock
3 Doors Down,It's Not My Time,241960,0.529,pop/rock/metal
Kylie Minogue,Wow,190973,0.654,pop/Dance/Electronic
Mariah Carey,Touch My Body,204733,0.715,pop/R&B
MGMT,Kids,302840,0.451,rock
The Ting Tings,Shut Up and Let Me Go,171226,0.852,pop/rock/Dance/Electronic
Lil Wayne,Got Money,244626,0.694,hip hop/pop
Santana,Into the Night,222440,0.595,rock/blues/latin
The,I Luv Your Girl,267866,0.723,hip hop/pop/R&B
Wiley,Wearing My Rolex,170480,0.876,hip hop/Dance/Electronic
Usher,Love in This Club,259720,0.573,hip hop/pop/R&B
Sam Sparro,Black & Gold,212360,0.383,pop/Dance/Electronic
H two O,What's It Gonna Be,207476,0.733,Dance/Electronic
The Ting Tings,That's Not My Name,310573,0.755,pop/rock/Dance/Electronic
Plies,Bust It Baby - Pt. 2,240760,0.648,hip hop/pop/R&B
James Morrison,Broken Strings,250453,0.57,pop/R&B
Leona Lewis,Run,314720,0.285,pop/R&B
Metro Station,Shake It,179946,0.618,pop/rock
T.I.,Whatever You Like,249533,0.68,hip hop/pop
Trey Songz,Can't Help but Wait,206413,0.699,hip hop/pop/R&B
OneRepublic,Stop And Stare,223853,0.492,pop
Alexandra Burke,Hallelujah,217826,0.177,pop
Mary J. Blige,Just Fine,242133,0.923,pop/R&B
Jordin Sparks,One Step At a Time,205160,0.766,pop/R&B
Coldplay,Viva La Vida,242373,0.486,rock/pop
Kings of Leon,Sex on Fire,203346,0.542,rock
Kanye West,Good Life,207000,0.439,hip hop
Duffy,Mercy,219920,0.793,pop/R&B
David Archuleta,Crush,213520,0.57,pop
J. Holiday,Suffocate,220053,0.458,hip hop/pop/R&B/Dance/Electronic
Gavin DeGraw,In Love With a Girl,206000,0.438,pop/Folk/Acoustic
Jordin Sparks,Tattoo,233466,0.566,pop/R&B
Coldplay,Violet Hill,222653,0.33,rock/pop
Ray J,Sexy Can I feat. Yung Berg,204040,0.575,hip hop/pop/R&B
Jennifer Hudson,Spotlight,250106,0.707,pop/R&B/easy listening
John Legend,Green Light,284186,0.622,pop/R&B
Jonas Brothers,Burnin' Up,175093,0.667,pop
Lupe Fiasco,Superstar,289000,0.572,hip hop/pop
Chris Brown,Forever,278573,0.672,hip hop/pop/R&B
Adele,Chasing Pavements,210506,0.614,pop/R&B
Leona Lewis,Better in Time,234173,0.584,pop/R&B
Fergie,Clumsy,240426,0.731,pop/R&B
T,Can't Believe It,273826,0.648,hip hop/pop/R&B
Black Eyed Peas,I Gotta Feeling,289133,0.743,hip hop/pop
Lady Gaga,Poker Face,237200,0.851,pop
Beyonce,Halo,261640,0.508,pop/R&B
David Guetta,Sexy Bitch,195853,0.813,hip hop/pop/Dance/Electronic
Flo Rida,Right Round,204640,0.72,hip hop/pop
Taylor Swift,Love Story,236266,0.617,pop
Pitbull,Hotel Room Service,238506,0.849,hip hop/pop/latin
Britney Spears,Circus,192360,0.791,pop
Lady Gaga,LoveGame,216333,0.894,pop
Skillet,Monster,178013,0.64,rock/pop/metal
The Prodigy,Omen,216026,0.545,rock/pop/Dance/Electronic
Black Eyed Peas,Meet Me Halfway,284373,0.798,hip hop/pop
Kanye West,Heartless,211000,0.79,hip hop
Kid Cudi,Day 'N' Nite,221240,0.88,hip hop
Lady Gaga,Just Dance,241933,0.822,pop
Britney Spears,If U Seek Amy,216520,0.717,pop
Pitbull,I Know You Want Me,237120,0.825,hip hop/pop/latin
Mariah Carey,Obsessed,242200,0.742,pop/R&B
Beyonce,Sweet Dreams,208066,0.694,pop/R&B
Agnes,Release Me,256213,0.621,pop/Dance/Electronic
Black Eyed Peas,Boom Boom Pow,251440,0.867,hip hop/pop
Shakira,She Wolf,188866,0.865,pop/latin
Lady Gaga,Paparazzi,208306,0.762,pop
JAY,Empire State Of Mind,276920,0.491,hip hop
OneRepublic,All The Right Moves,238000,0.529,pop
Jeremih,Birthday Sex,226506,0.677,hip hop/pop/R&B
Cascada,Evacuate The Dancefloor,207200,0.762,hip hop/pop/Dance/Electronic
Linkin Park,New Divide,268613,0.493,rock/metal
Kevin Rudolf,Let It Rock,231173,0.607,hip hop/pop
JAY,Run This Town,267520,0.632,hip hop
Lady Gaga,Bad Romance,294573,0.696,pop
T.I.,Live Your Life,338853,0.375,hip hop/pop
Eminem,We Made You,269613,0.924,hip hop
Dizzee Rascal,Bonkers,177573,0.624,hip hop/pop/Dance/Electronic
Ciara,Love Sex Magic,220426,0.893,pop/R&B
Rihanna,Russian Roulette,227533,0.48,hip hop/pop/R&B
Soulja Boy,Turn My Swag On,206333,0.546,hip hop/pop
The xx,Intro,127920,0.617,rock
Jay Sean,Down,212106,0.657,hip hop/pop/R&B
Keri Hilson,Turnin Me On,248066,0.661,pop/R&B
David Guetta,When Love Takes Over,191000,0.675,hip hop/pop/Dance/Electronic
Cheryl,Fight For This Love,223253,0.739,pop/Dance/Electronic
Soulja Boy,Kiss Me Thru The Phone,193386,0.758,hip hop/pop
Eminem,Crack A Bottle,297520,0.516,hip hop
P!nk,Sober,251440,0.614,pop
Tinchy Stryder,Number 1,212773,0.581,pop/Dance/Electronic
Pixie Lott,Mama Do,196520,0.451,pop/Dance/Electronic
JLS,Beat Again,196640,0.894,pop
3OH!3,DONTTRUSTME,192573,0.791,hip hop/pop/rock
A.R. Rahman,Jai Ho!,222400,0.657,pop
The Pussycat Dolls,I Hate This Part,218400,0.756,pop/R&B
Akon,Beautiful,312986,0.74,pop
Alexandra Burke,Bad Boys,206480,0.67,pop
Mario,Break Up,249026,0.44,pop/R&B
Drake,Forever,357706,0.457,hip hop/pop/R&B
Selena Gomez & The Scene,Naturally,202586,0.605,pop/Dance/Electronic
Kanye West,Love Lockdown,270306,0.76,hip hop
The Veronicas,Untouched,255360,0.557,pop/Dance/Electronic
Fabolous,Throw It In The Bag,231573,0.789,hip hop/pop/R&B
Jason Derulo,Whatcha Say,221253,0.615,hip hop/pop
Lily Allen,Not Fair,201213,0.719,pop
T.I.,Dead And Gone,299746,0.713,hip hop/pop
Sean Kingston,Fire Burning,239986,0.839,hip hop/pop/R&B
Empire of the Sun,Walking On A Dream,198440,0.871,rock/pop/Dance/Electronic
Cobra Starship,Good Girls Go Bad,196413,0.594,pop/Dance/Electronic
Nickelback,If Today Was Your Last Day,249066,0.485,rock/metal
La Roux,Bulletproof,205733,0.674,pop/Dance/Electronic
Kasabian,Fire,252279,0.525,rock
Calvin Harris,I'm Not Alone,210973,0.597,hip hop/pop/Dance/Electronic
Justin Bieber,One Time,215866,0.691,pop
Jamie Foxx,Blame It,289746,0.673,hip hop/pop/R&B
La Roux,In For The Kill,248626,0.629,pop/Dance/Electronic
Muse,Uprising,304840,0.602,rock
Nickelback,Gotta Be Somebody,252653,0.536,rock/metal
James Morrison,Broken Strings,250453,0.57,pop/R&B
T.I.,Whatever You Like,249533,0.68,hip hop/pop
Dizzee Rascal,Holiday,220626,0.545,hip hop/pop/Dance/Electronic
Beyonce,Single Ladies,193213,0.426,pop/R&B
Boys Like Girls,Love Drunk,226706,0.44,pop
The,Rockin' That Shit,221920,0.672,hip hop/pop/R&B
OneRepublic,Secrets,224693,0.516,pop
JLS,Everybody in Love,195586,0.705,pop
Jason Aldean,Big Green Tractor,204200,0.616,country
The Fray,Never Say Never,256613,0.23,pop
Lily Allen,The Fear,207120,0.661,pop
Kings of Leon,Sex on Fire,203346,0.542,rock
Drake,Best I Ever Had,258760,0.431,hip hop/pop/R&B
Kelly Clarkson,Already Gone,281560,0.209,pop/R&B
Miley Cyrus,Party In The U.S.A.,202066,0.652,pop
Jordin Sparks,Battlefield,241920,0.613,pop/R&B
Ne,Mad,254533,0.731,pop/R&B
Green Day,21 Guns,321093,0.268,rock
Keri Hilson,Knock You Down,326186,0.588,pop/R&B
Taylor Swift,You Belong With Me,231146,0.687,pop
Shinedown,Second Chance,222066,0.46,rock/metal
Asher Roth,I Love College,241933,0.713,hip hop/pop
Katy Perry,Waking Up In Vegas,199186,0.524,pop
Kelly Clarkson,My Life Would Suck Without You,211493,0.526,pop/R&B
Mumford & Sons,Little Lion Man,245173,0.517,Folk/Acoustic/rock/pop
The Fray,You Found Me,241853,0.338,pop
Bruno Mars,Just the Way You Are,220734,0.635,pop
Eminem,Love The Way You Lie,263373,0.749,hip hop
Lady Gaga,Bad Romance,294573,0.696,pop
Stromae,Alors on danse,206066,0.791,pop
Kesha,TiK ToK,199693,0.755,pop/Dance/Electronic
David Guetta,Memories,210853,0.546,hip hop/pop/Dance/Electronic
Taio Cruz,Dynamite,202613,0.751,hip hop/pop
Rihanna,Only Girl,235493,0.789,hip hop/pop/R&B
Katy Perry,California Gurls,234653,0.791,pop
Kesha,Take It Off,215200,0.729,pop/Dance/Electronic
INNA,Hot,217036,0.817,pop
Far East Movement,Like A G6,216893,0.435,hip hop/pop
David Guetta,Gettin' Over You,188000,0.615,hip hop/pop/Dance/Electronic
Duck Sauce,Barbra Streisand,196533,0.769,Dance/Electronic
Lucenzo,Danza Kuduro,213986,0.622,latin
Rihanna,Te Amo,208426,0.567,hip hop/pop/R&B
Timbaland,Carry Out,232466,0.531,hip hop/pop/R&B
DJ Fresh,Gold Dust,192446,0.451,pop/Dance/Electronic
Edward Maya,Stereo Love,184573,0.799,pop
Taio Cruz,Break Your Heart,201546,0.607,hip hop/pop
Black Eyed Peas,Imma Be,257560,0.597,hip hop/pop
Sidney Samson,Riverside,320348,0.804,Dance/Electronic
Eminem,Not Afraid,248133,0.855,hip hop
Lady Gaga,Alejandro,274213,0.623,pop
Rihanna,Rude Boy,222920,0.563,hip hop/pop/R&B
Ne,Beautiful Monster,251573,0.708,pop/R&B
3OH!3,Starstrukk,203093,0.605,hip hop/pop/rock
Black Eyed Peas,The Time,307640,0.816,hip hop/pop
Kelly Rowland,Commander,218106,0.395,hip hop/pop/R&B
Swedish House Mafia,One,163246,0.733,pop/Dance/Electronic
Chris Brown,Deuces,276560,0.692,hip hop/pop/R&B
Usher,DJ Got Us Fallin' In Love,220800,0.663,hip hop/pop/R&B
Iyaz,Replay,182306,0.706,hip hop/pop
Flo Rida,Club Can't Handle Me,234560,0.616,hip hop/pop
Sean Kingston,Eenie Meenie,201946,0.72,hip hop/pop/R&B
Waka Flocka Flame,No Hands,263773,0.76,hip hop/pop
Tinie Tempah,Written in the Stars,207653,0.656,hip hop/pop/Dance/Electronic
Bruno Mars,Talking to the Moon,217866,0.498,pop
Miley Cyrus,Can't Be Tamed,168213,0.63,pop
Mike Posner,Cooler Than Me,213293,0.768,hip hop/pop/Dance/Electronic
Lady Gaga,Telephone,220640,0.824,pop
Yolanda Be Cool,We No Speak Americano,157438,0.901,Dance/Electronic
Rihanna,Hard,250600,0.31,hip hop/pop/R&B
Tinie Tempah,Pass Out,268053,0.693,hip hop/pop/Dance/Electronic
Adam Lambert,Whataya Want from Me,227320,0.438,pop
Trey Songz,Bottoms Up,242013,0.845,hip hop/pop/R&B
Timbaland,If We Ever Meet Again,292706,0.652,hip hop/pop/R&B
Enrique Iglesias,I Like It,231373,0.648,pop/latin
Tim Berg,Seek Bromance,203960,0.515,pop/Dance/Electronic
Usher,OMG,269493,0.781,hip hop/pop/R&B
Maroon 5,Misery,216200,0.703,pop
Jay Sean,Down,212106,0.657,hip hop/pop/R&B
Rihanna,Man Down,267000,0.47,hip hop/pop/R&B
3OH!3,My First Kiss,192440,0.682,hip hop/pop/rock
Justin Bieber,Baby,214240,0.728,pop
Cali Swag District,Teach Me How to Dougie,237480,0.846,hip hop/pop
Swedish House Mafia,Miami 2 Ibiza,206460,0.736,pop/Dance/Electronic
K'NAAN,Wavin' Flag,220520,0.625,pop
Ludacris,How Low,201586,0.785,hip hop/pop
Kesha,Blah Blah Blah,172053,0.752,pop/Dance/Electronic
DJ Khaled,All I Do Is Win,232506,0.544,hip hop/pop
Jason Derulo,In My Head,199026,0.762,hip hop/pop
Aloe Blacc,I Need A Dollar,243053,0.84,R&B
B.o.B,Airplanes,180480,0.66,hip hop/pop
Ludacris,My Chick Bad,216933,0.624,hip hop/pop
Nelly,Just A Dream,237800,0.531,hip hop/pop/R&B
Rihanna,What's My Name?,263173,0.692,hip hop/pop/R&B
Shontelle,Impossible,226533,0.599,pop/R&B
Take That,The Flood,289359,0.514,pop
Trey Songz,Say Aah,207546,0.724,hip hop/pop/R&B
Jason Derulo,Whatcha Say,221253,0.615,hip hop/pop
Drake,Over,233560,0.325,hip hop/pop/R&B
Example,Kickstarts,181826,0.61,pop/Dance/Electronic
Plan B,She Said,208853,0.72,Dance/Electronic
The Saturdays,Higher,207613,0.639,pop/Dance/Electronic
Jay Sean,Do You Remember,210306,0.855,hip hop/pop/R&B
Usher,Hey Daddy,224093,0.59,hip hop/pop/R&B
Lil Wayne,Right Above It,271946,0.376,hip hop/pop
The Wanted,All Time Low,205200,0.689,pop/Dance/Electronic
Kesha,Your Love Is My Drug,187133,0.826,pop/Dance/Electronic
Ellie Goulding,Starry Eyed,176613,0.504,pop/rock/Dance/Electronic
Drake,Find Your Love,208946,0.625,hip hop/pop/R&B
Jason Derulo,Ridin' Solo,215746,0.442,hip hop/pop
Two Door Cinema Club,What You Know,189693,0.55,World/Traditional/rock/pop
JAY,Young Forever,253906,0.637,hip hop
Young Money,BedRock,288133,0.733,hip hop/pop
B.o.B,Nothin' on You,268320,0.688,hip hop/pop
Katy Perry,Teenage Dream,227741,0.719,pop
Scouting For Girls,This Ain't a Love Song,210680,0.458,pop/rock
Travie McCoy,Billionaire,211160,0.633,hip hop/pop
Owl City,Fireflies,228346,0.512,rock/pop
Alicia Keys,Empire State of MindBroken Down,216480,0.484,pop/R&B
Lady A,Need You Now,236440,0.581,pop/country
Taylor Swift,Back To December,293026,0.529,pop
Neon Trees,Animal,212306,0.482,rock/pop
Kris Allen,Live Like We're Dying,212506,0.589,pop
Matt Cardle,When We Collide,226000,0.443,pop
Robyn,Dancing On My Own,288670,0.687,pop/Dance/Electronic
The Band Perry,If I Die Young,222773,0.606,country
B.o.B,Magic,196133,0.549,hip hop/pop
Adele,Rolling in the Deep,228093,0.73,pop/R&B
Maroon 5,Moves Like Jagger,201493,0.722,pop
LMFAO,Party Rock Anthem,262146,0.751,hip hop/pop/Dance/Electronic
Katy Perry,Firework,227893,0.638,pop
Bruno Mars,Grenade,222091,0.704,pop
Pitbull,Hey Baby,234453,0.595,hip hop/pop/latin
Alexandra Stan,Mr. Saxobeat,195105,0.726,pop/Dance/Electronic
David Guetta,Who's That Chick?,201040,0.675,hip hop/pop/Dance/Electronic
Jennifer Lopez,On The Floor,284866,0.73,hip hop/pop/R&B
Rihanna,S&M,243533,0.767,hip hop/pop/R&B
Kesha,Blow,219973,0.753,pop/Dance/Electronic
Snoop Dogg,Sweat,195986,0.813,hip hop/pop
Taio Cruz,Higher,187626,0.672,hip hop/pop
Usher,More,219986,0.551,hip hop/pop/R&B
Example,Changed the Way You Kiss Me,195466,0.578,pop/Dance/Electronic
Black Eyed Peas,Just Cant Get Enough,219426,0.659,hip hop/pop
David Guetta,Where Them Girls At,194840,0.666,hip hop/pop/Dance/Electronic
Lykke Li,I Follow Rivers,281106,0.786,pop/Dance/Electronic
Pitbull,Give Me Everything,252306,0.671,hip hop/pop/latin
Selena Gomez & The Scene,Love You Like A Love Song,188453,0.858,pop/Dance/Electronic
Wiz Khalifa,Black and Yellow,217666,0.684,hip hop/pop
Katy Perry,E.T.,229573,0.62,pop
Britney Spears,I Wanna Go,210266,0.696,pop
Gym Class Heroes,Stereo Hearts,210960,0.646,hip hop/pop
Edward Maya,Stereo Love,184573,0.799,pop
Enrique Iglesias,Tonight,232213,0.648,pop/latin
Jeremih,Down On Me,228453,0.7,hip hop/pop/R&B
Sak Noel,Loca People,215624,0.926,Dance/Electronic
Olly Murs,Heart Skips a Beat,202266,0.843,pop/Dance/Electronic
LMFAO,Sexy And I Know It,199480,0.707,hip hop/pop/Dance/Electronic
Cobra Starship,You Make Me Feel...,215693,0.668,pop/Dance/Electronic
Jessie J,Do It Like A Dude,195240,0.663,hip hop/pop
DJ Fresh,Louder,206776,0.31,pop/Dance/Electronic
Waka Flocka Flame,No Hands,263773,0.76,hip hop/pop
Nickelback,When We Stand Together,190786,0.446,rock/metal
M83,Midnight City,243960,0.507,rock/pop/metal/Dance/Electronic
Britney Spears,Till the World Ends,237946,0.693,pop
Labrinth,Earthquake,274600,0.54,pop
Jason Derulo,Don't Wanna Go Home,206080,0.671,hip hop/pop
Coldplay,Paradise,278719,0.449,rock/pop
Katy Perry,Last Friday Night,230746,0.649,pop
Adele,Set Fire to the Rain,242973,0.603,pop/R&B
Dr. Dre,I Need A Doctor,283733,0.594,hip hop
Lil Wayne,6 Foot 7 Foot,248586,0.364,hip hop/pop
DJ Khaled,I'm On One,296146,0.413,hip hop/pop
Chris Brown,Look At Me Now,222586,0.767,hip hop/pop/R&B
Far East Movement,Rocketeer,211253,0.664,hip hop/pop
The Wanted,Glad You Came,197935,0.722,pop/Dance/Electronic
Kesha,We R Who We R,204760,0.736,pop/Dance/Electronic
Kelly Rowland,Motivation,230560,0.744,hip hop/pop/R&B
Rihanna,We Found Love,215226,0.735,hip hop/pop/R&B
Nicole Scherzinger,Don't Hold Your Breath,197440,0.66,pop/Dance/Electronic
Mann,Buzzin Remix,224333,0.687,hip hop/pop
Chris Brown,Yeah 3x,241666,0.705,hip hop/pop/R&B
Swedish House Mafia,Save The World,213337,0.507,pop/Dance/Electronic
Kanye West,All Of The Lights,299613,0.531,hip hop
Miguel,Sure Thing,195373,0.684,pop/R&B
Diddy,Coming Home,238693,0.392,hip hop/pop/R&B
Rihanna,What's My Name?,263173,0.692,hip hop/pop/R&B
Chris Brown,Beautiful People,225881,0.415,hip hop/pop/R&B
Avril Lavigne,What the Hell,220706,0.578,pop
Professor Green,Read All About It,235735,0.656,Dance/Electronic
Chase & Status,Blind Faith,233666,0.45,Dance/Electronic
Chip,Champion,237293,0.415,hip hop/Dance/Electronic
Selena Gomez & The Scene,Who Says,195613,0.682,pop/Dance/Electronic
Rizzle Kicks,Down With The Trumpets,186851,0.753,hip hop
Lady Gaga,Born This Way,260253,0.587,pop
Nicki Minaj,Super Bass,200013,0.72,hip hop/pop
Mac Miller,Donald Trump,165908,0.636,hip hop
Calvin Harris,Bounce,222186,0.779,hip hop/pop/Dance/Electronic
David Guetta,Without You,208133,0.608,hip hop/pop/Dance/Electronic
Foster The People,Pumped Up Kicks,239600,0.733,rock/pop
Drake,Headlines,235986,0.636,hip hop/pop/R&B
Jessie J,Price Tag,223053,0.636,hip hop/pop
Jason Aldean,Dirt Road Anthem,229413,0.678,country
Wiz Khalifa,Roll Up,227773,0.523,hip hop/pop
OneRepublic,Good Life,253306,0.634,pop
Bad Meets Evil,Lighters,303813,0.676,hip hop/pop
Bruno Mars,The Lazy Song,189109,0.794,pop
Lupe Fiasco,The Show Goes On,239613,0.591,hip hop/pop
James Morrison,I Won't Let You Go,229303,0.537,pop/R&B
Jason Derulo,It Girl,192200,0.668,hip hop/pop
Adele,Someone Like You,285240,0.554,pop/R&B
Red Hot Chili Peppers,The Adventures of Rain Dance Maggie,282400,0.683,rock
Keri Hilson,Pretty Girl Rock,243920,0.666,pop/R&B
P!nk,F**kin' Perfect,213413,0.563,pop
Blake Shelton,Honey Bee,210720,0.481,country
Lady Gaga,The Edge Of Glory,320546,0.583,pop
Lady A,Just A Kiss,218840,0.593,pop/country
Hot Chelle Rae,Tonight Tonight,200466,0.686,hip hop/pop/rock
Grouplove,Tongue Tied,218013,0.56,pop/rock/Folk/Acoustic
Coldplay,Every Teardrop Is a Waterfall,240796,0.425,rock/pop
Beyonce,Best Thing I Never Had,253746,0.545,pop/R&B
P!nk,Raise Your Glass,202960,0.7,pop
Christina Perri,Jar of Hearts,246587,0.349,pop
Bruno Mars,Marry You,230192,0.621,pop
The Band Perry,If I Die Young,222773,0.606,country
Lil Wayne,How To Love,240306,0.644,hip hop/pop
Charlene Soraia,Wherever You Will Go,197577,0.597,pop
Christina Perri,A Thousand Years,285120,0.421,pop
Rihanna,We Found Love,215226,0.735,hip hop/pop/R&B
Carly Rae Jepsen,Call Me Maybe,193400,0.783,pop/Dance/Electronic
fun.,We Are Young,250626,0.378,rock/pop
Sean Paul,She Doesn't Mind,227786,0.718,hip hop/pop
Pitbull,International Love,227280,0.67,hip hop/pop/latin
DEV,In The Dark,226226,0.736,pop/Dance/Electronic
Adele,Skyfall,286480,0.346,pop/R&B
David Guetta,Turn Me On,199680,0.704,hip hop/pop/Dance/Electronic
Rihanna,Where Have You Been,242680,0.719,hip hop/pop/R&B
JAY,Ni**as In Paris,219333,0.789,hip hop
Maroon 5,One More Night,219546,0.716,pop
Skrillex,Bangarang,215253,0.716,hip hop/pop/Dance/Electronic
The Wanted,Chasing The Sun,198800,0.637,pop/Dance/Electronic
Flo Rida,Whistle,224653,0.747,hip hop/pop
will.i.am,This Is Love,279026,0.535,hip hop/pop
David Guetta,She Wolf,222500,0.492,hip hop/pop/Dance/Electronic
Nicki Minaj,Pound The Alarm,205640,0.728,hip hop/pop
Kendrick Lamar,Swimming Pools,313786,0.716,hip hop
MARINA,Primadonna,221075,0.66,pop/Dance/Electronic
Kanye West,Mercy,329320,0.563,hip hop
DJ Fresh,Hot Right Now,182333,0.524,pop/Dance/Electronic
LMFAO,Sexy And I Know It,199480,0.707,hip hop/pop/Dance/Electronic
PSY,Gangnam Style,219493,0.727,pop
Kesha,Die Young,211920,0.711,pop/Dance/Electronic
Usher,Scream,234693,0.616,hip hop/pop/R&B
Olly Murs,Troublemaker,185586,0.762,pop/Dance/Electronic
Linkin Park,BURN IT DOWN,230253,0.585,rock/metal
Bruno Mars,Locked out of Heaven,233478,0.726,pop
Avicii,Levels,199906,0.584,pop/Dance/Electronic
Flo Rida,Good Feeling,248133,0.706,hip hop/pop
Rihanna,Diamonds,225146,0.564,hip hop/pop/R&B
Wiz Khalifa,Work Hard - Play Hard,219026,0.787,hip hop/pop
Katy Perry,Part Of Me,216160,0.678,pop
Nicki Minaj,Starships,210626,0.747,hip hop/pop
Kendrick Lamar,m.A.A.d city,350120,0.487,hip hop
Asaf Avidan & the Mojos,One Day / Reckoning Song,212360,0.821,pop
Florence + The Machine,Spectrum,218190,0.578,rock/pop/Dance/Electronic
Azealia Banks,212,204956,0.847,hip hop/pop/R&B
Maroon 5,Payphone,231173,0.743,pop
James Arthur,Impossible,209440,0.376,pop
Michel Telo,Ai Se Eu Te Pego,166866,0.676,country/latin
Otto Knows,Million Voices,192866,0.582,pop/Dance/Electronic
Icona Pop,I Love It,156773,0.71,pop/Dance/Electronic
Tyga,Rack City,203200,0.929,hip hop/pop
Calvin Harris,Feel So Close,206413,0.707,hip hop/pop/Dance/Electronic
Jennifer Lopez,Dance Again,237266,0.797,hip hop/pop/R&B
Grimes,Oblivion,251266,0.697,pop/rock/Dance/Electronic
Adele,Rumour Has It,223266,0.612,pop/R&B
Coldplay,Paradise,278719,0.449,rock/pop
Chris Brown,Turn Up the Music,227973,0.594,hip hop/pop/R&B
Frank Ocean,Lost,234093,0.913,hip hop/pop/R&B
Calvin Harris,Let's Go,232800,0.71,hip hop/pop/Dance/Electronic
The Script,Hall of Fame,202533,0.421,pop/rock
Swedish House Mafia,Don't You Worry Child,212862,0.612,pop/Dance/Electronic
MARINA,How to Be a Heartbreaker,221493,0.69,pop/Dance/Electronic
Justin Bieber,Boyfriend,171333,0.717,pop
David Guetta,Titanium,245040,0.604,hip hop/pop/Dance/Electronic
Jessie J,Domino,231840,0.758,hip hop/pop
Taylor Swift,I Knew You Were Trouble.,219720,0.622,pop
ScHoolboy Q,Hands on the Wheel,197131,0.646,hip hop/pop
P!nk,Try,247906,0.674,pop
Robbie Williams,Candy,201053,0.715,pop/rock
Snoop Dogg,Young - Wild & Free,207333,0.715,hip hop/pop
Justin Bieber,As Long As You Love Me,229466,0.571,pop
Rita Ora,R.I.P.,228026,0.603,hip hop/pop/Dance/Electronic
Alex Clare,Too Close,256613,0.588,rock
Tyga,Faded,206666,0.831,hip hop/pop
Alesso,Years,195480,0.37,pop/Dance/Electronic
Guy Sebastian,Battle Scars,250080,0.61,pop
Katy Perry,The One That Got Away,227333,0.687,pop
Avicii,Silhouettes,211880,0.605,pop/Dance/Electronic
Gotye,Somebody That I Used To Know,244884,0.863,pop
Flo Rida,Wild Ones,232946,0.608,hip hop/pop
One Direction,What Makes You Beautiful,199986,0.726,pop
Lana Del Rey,Born To Die,286253,0.18,pop
Kesha,C'Mon,214333,0.558,pop/Dance/Electronic
Owl City,Good Time,205933,0.56,rock/pop
Calvin Harris,We'll Be Coming Back,234360,0.596,hip hop/pop/Dance/Electronic
Emeli Sande,Read All About It - Pt. III,283706,0.63,pop/R&B
Ellie Goulding,Lights,210853,0.682,pop/rock/Dance/Electronic
Train,Drive By,195973,0.765,pop
Disclosure,Latch,255631,0.503,pop/Dance/Electronic
Coldplay,Princess of China,239215,0.42,rock/pop
One Direction,Live While We're Young,200186,0.658,pop
Gym Class Heroes,Ass Back Home,222213,0.716,hip hop/pop
Carrie Underwood,Blown Away,240133,0.531,pop/country
alt,Breezeblocks,227080,0.616,rock
Chris Brown,Don't Wake Me Up,222306,0.602,hip hop/pop/R&B
Kelly Clarkson,Stronger,221946,0.562,pop/R&B
Drake,The Motto,181573,0.766,hip hop/pop/R&B
Katy Perry,Wide Awake,220946,0.514,pop
Rita Ora,How We Do,247026,0.738,hip hop/pop/Dance/Electronic
Rudimental,Feel the Love,245186,0.389,pop/Dance/Electronic
Lana Del Rey,Ride,289080,0.373,pop
Ne,Let Me Love You,251626,0.658,pop/R&B
Demi Lovato,Give Your Heart a Break,205346,0.651,pop
Drake,Take Care,277386,0.629,hip hop/pop/R&B
Little Mix,Wings,219733,0.738,pop
Bruno Mars,It Will Rain,257720,0.576,pop
Cher Lloyd,Want U Back,214013,0.696,pop/Dance/Electronic
Lorde,Royals,190185,0.674,pop/Dance/Electronic
Robin Thicke,Blurred Lines,263053,0.861,pop/R&B
Imagine Dragons,Radioactive,186813,0.448,rock
Avicii,Wake Me Up,247426,0.532,pop/Dance/Electronic
Bruno Mars,Locked out of Heaven,233478,0.726,pop
Macklemore & Ryan Lewis,Thrift Shop,235613,0.781,hip hop/pop
Daft Punk,Get Lucky,248413,0.794,hip hop/Dance/Electronic
will.i.am,Scream & Shout,283400,0.772,hip hop/pop
Stromae,Papaoutai,232146,0.733,pop
Bingo Players,Get Up,166933,0.801,pop/Dance/Electronic
Naughty Boy,La La La,220779,0.754,Dance/Electronic
Tom Odell,Another Love,244360,0.445,pop
2 Chainz,We Own It,227906,0.563,hip hop/pop
David Guetta,Play Hard,201000,0.691,hip hop/pop/Dance/Electronic
Pitbull,Feel This Moment,229506,0.673,hip hop/pop/latin
will.i.am,#thatPOWER,279506,0.797,hip hop/pop
Lil Wayne,Love Me,255053,0.669,hip hop/pop
Macklemore & Ryan Lewis,Can't Hold Us,258342,0.641,hip hop/pop
Martin Garrix,Animals,176117,0.593,pop/Dance/Electronic
Jason Derulo,Talk Dirty,177685,0.76,hip hop/pop
John Newman,Love Me Again,239894,0.495,pop
Britney Spears,Work B**ch,247853,0.63,pop
The Neighbourhood,Sweater Weather,240400,0.612,rock/pop
Sebastian Ingrosso,Reload,221272,0.485,pop/Dance/Electronic
Capital Cities,Safe And Sound,192693,0.652,pop
Demi Lovato,Heart Attack,210840,0.504,pop
Arctic Monkeys,Why'd You Only Call Me When You're High?,161123,0.691,rock
Justin Bieber,Beauty And A Beat,227986,0.602,pop
Eminem,The Monster,250188,0.781,hip hop
Pitbull,Don't Stop the Party,206120,0.722,hip hop/pop/latin
Selena Gomez,Come & Get It,231986,0.546,pop
P!nk,True Love,230733,0.457,pop
Disclosure,White Noise,277687,0.665,pop/Dance/Electronic
Flo Rida,I Cry,223800,0.693,hip hop/pop
Kanye West,Black Skinhead,188013,0.578,hip hop
Lana Del Rey,Summertime Sadness,214912,0.572,pop
Eminem,Berzerk,238746,0.739,hip hop
Icona Pop,I Love It,157152,0.711,pop/Dance/Electronic
Fall Out Boy,My Songs Know What You Did In The Dark,186826,0.558,rock
Lorde,Team,193058,0.691,pop/Dance/Electronic
Avicii,I Could Be The One,208316,0.509,pop/Dance/Electronic
Imagine Dragons,Demons,177506,0.505,rock
One Direction,One Way or Another,157293,0.489,pop
Taylor Swift,I Knew You Were Trouble.,219720,0.622,pop
Arctic Monkeys,Do I Wanna Know?,272394,0.548,rock
Rudimental,Waiting All Night,292586,0.544,pop/Dance/Electronic
Klangkarussell,Sonnentanz,238120,0.579,pop/Dance/Electronic
Calvin Harris,Drinking from the Bottle,240346,0.665,hip hop/pop/Dance/Electronic
A$AP Rocky,F**kin' Problems,233786,0.853,hip hop
P!nk,Try,247906,0.674,pop
Ylvis,The Fox,213708,0.703,hip hop
Ellie Goulding,Burn,231211,0.559,pop/rock/Dance/Electronic
Baauer,Harlem Shake,196664,0.452,Dance/Electronic
Calvin Harris,I Need Your Love,234506,0.695,hip hop/pop/Dance/Electronic
Katy Perry,This Is How We Do,204285,0.69,pop
AWOLNATION,Sail,259102,0.825,pop/rock
Duke Dumont,Need U,174853,0.681,pop/Dance/Electronic
Jason Derulo,The Other Side,226986,0.561,hip hop/pop
Storm Queen,Look Right Through,150400,0.832,Dance/Electronic
Calvin Harris,Sweet Nothing,212560,0.573,hip hop/pop/Dance/Electronic
Katy Perry,Unconditionally,228878,0.555,pop
Wale,Bad,238826,0.807,hip hop/pop/R&B
Ciara,Body Party,234040,0.577,pop/R&B
Drake,Started From the Bottom,174120,0.794,hip hop/pop/R&B
Birdy,Wings,252106,0.474,pop
Bastille,Of The Night,214205,0.67,pop/rock
Olly Murs,Dear Darlin',206373,0.512,pop/Dance/Electronic
Katy Perry,Roar,223546,0.554,pop
Blake Shelton,Sure Be Cool If You Did,215720,0.576,country
Calvin Harris,Thinking About You,247933,0.725,hip hop/pop/Dance/Electronic
JAY,Holy Grail,338413,0.676,hip hop
Bridgit Mendler,Ready or Not,200946,0.715,pop
The Saturdays,What About Us,220682,0.704,pop/Dance/Electronic
Bastille,Pompeii,214147,0.679,pop/rock
One Direction,Best Song Ever,200106,0.652,pop
Nelly,Hey Porsche,209466,0.726,hip hop/pop/R&B
Zedd,Clarity,271426,0.523,hip hop/pop/Dance/Electronic
Miley Cyrus,Wrecking Ball,221360,0.53,pop
Chris Brown,Fine China,213666,0.659,hip hop/pop/R&B
Daft Punk,Lose Yourself to Dance,353893,0.832,hip hop/Dance/Electronic
Armin van Buuren,This Is What It Feels Like,204360,0.551,pop/Dance/Electronic
Justin Timberlake,Mirrors,484146,0.574,pop
Bruno Mars,Treasure,178560,0.874,pop
Of Monsters and Men,Little Talks,266600,0.457,pop/rock/Folk/Acoustic
Miley Cyrus,We Can't Stop,231240,0.613,pop
J. Cole,Power Trip,241160,0.667,hip hop
Paramore,Still into You,216013,0.602,pop/rock
Christina Perri,human,250706,0.439,pop
Drake,Hold On - We're Going Home,227880,0.773,hip hop/pop/R&B
James Blunt,Bonfire Heart,238000,0.575,pop
Maroon 5,Daylight,225066,0.656,pop
Childish Gambino,3005,235662,0.681,hip hop
Avril Lavigne,Here's to Never Growing Up,214080,0.483,pop
Taylor Swift,22,232120,0.661,pop
Passenger,Let Her Go,252866,0.509,pop
Ariana Grande,The Way,227026,0.645,pop
Rihanna,Stay,240706,0.621,hip hop/pop/R&B
Justin Timberlake,Suit & Tie,326280,0.795,pop
Bruno Mars,When I Was Your Man,213826,0.612,pop
Florida Georgia Line,Cruise,208960,0.457,country
Pharrell Williams,Happy,232720,0.647,hip hop/pop
Katy Perry,Dark Horse,215672,0.647,pop
ScHoolboy Q,Collard Greens,299960,0.826,hip hop/pop
Iggy Azalea,Fancy,199938,0.912,hip hop/pop
Maroon 5,Animals,231013,0.279,pop
Sam Smith,Stay With Me,172723,0.418,pop
MAGIC!,Rude,224840,0.773,pop
Sia,Chandelier,216120,0.399,pop
John Legend,All of Me,269560,0.422,pop/R&B
ZHU,Faded,223386,0.861,Dance/Electronic
Meghan Trainor,All About That Bass,187920,0.807,pop
David Guetta,Lovers on the Sun,203520,0.645,hip hop/pop/Dance/Electronic
Iggy Azalea,Black Widow,209423,0.743,hip hop/pop
Tove Lo,Habits,209160,0.733,pop/Dance/Electronic
Oliver Heldens,Gecko,165440,0.609,pop/Dance/Electronic
DJ Snake,You Know You Like It,247266,0.407,hip hop/pop/Dance/Electronic
Jason Derulo,Talk Dirty,177685,0.76,hip hop/pop
Maroon 5,Maps,189840,0.737,pop
David Guetta,Bad,170625,0.614,hip hop/pop/Dance/Electronic
Tinashe,2 On,227000,0.742,hip hop/pop/R&B/Dance/Electronic
Route 94,My Love,259934,0.814,pop/Dance/Electronic
Taylor Swift,Bad Blood,211933,0.646,pop
Trey Songz,Na Na,231906,0.67,hip hop/pop/R&B
Calvin Harris,Under Control,184280,0.544,hip hop/pop/Dance/Electronic
O.T. Genasis,CoCo,239573,0.886,hip hop/pop
Jason Derulo,Wiggle,193295,0.697,hip hop/pop
Lilly Wood and The Prick,Prayer in C,189399,0.76,pop/rock
Jeremih,Don't Tell 'Em,266840,0.856,hip hop/pop/R&B
Nicki Minaj,Anaconda,260240,0.964,hip hop/pop
Calvin Harris,Blame,212960,0.414,hip hop/pop/Dance/Electronic
DJ Snake,Turn Down for What,213733,0.818,hip hop/pop/Dance/Electronic
Pitbull,Timber,204160,0.581,hip hop/pop/latin
OneRepublic,Counting Stars,257386,0.663,pop
Bobby Shmurda,Hot N*gga,194561,0.794,hip hop/pop
Calvin Harris,Summer,224506,0.603,hip hop/pop/Dance/Electronic
ScHoolboy Q,Man Of The Year,216013,0.743,hip hop/pop
Nico & Vinz,Am I Wrong,245866,0.729,hip hop/pop
Becky G,Shower,206166,0.699,pop/latin
Sigma,Nobody To Love,189720,0.441,pop/Dance/Electronic
The Chainsmokers,#SELFIE,183750,0.789,pop/Dance/Electronic
Lorde,Team,193058,0.69,pop/Dance/Electronic
Rixton,Me And My Broken Heart,193733,0.545,pop
Klingande,Jubel,201626,0.686,pop/Dance/Electronic
Mr. Probz,Waves,208133,0.829,hip hop/Dance/Electronic
Paloma Faith,Only Love Can Hurt Like This,232893,0.566,pop/R&B/Dance/Electronic
Kiesza,Hideaway,251986,0.838,pop/Dance/Electronic
Ellie Goulding,Burn,231211,0.559,pop/rock/Dance/Electronic
Ariana Grande,Break Free,214840,0.687,pop
Kid Ink,Show Me,217800,0.711,hip hop/pop
Tove Lo,Talking Body,238426,0.736,pop/Dance/Electronic
Chris Brown,Loyal,264946,0.841,hip hop/pop/R&B
OneRepublic,Love Runs Out,224226,0.719,pop
Olly Murs,Up,224293,0.69,pop/Dance/Electronic
Peking Duk,High,228000,0.525,Dance/Electronic
Milky Chance,Stolen Dance,313684,0.885,pop
Ed Sheeran,Don't,219840,0.806,pop
Ariana Grande,Love Me Harder,236133,0.472,pop
Enrique Iglesias,Bailando,243386,0.718,pop/latin
Avicii,Hey Brother,255093,0.545,pop/Dance/Electronic
Jessie J,Bang Bang,199386,0.706,hip hop/pop
Duke Dumont,I Got U,285596,0.636,pop/Dance/Electronic
Gorgon City,Ready For Your Love,198880,0.677,pop/Dance/Electronic
Taylor Swift,Style,231000,0.588,pop
MKTO,Classic,175426,0.72,hip hop/pop
Disclosure,Latch,255631,0.503,pop/Dance/Electronic
Ariana Grande,Problem,193920,0.66,pop
Charli XCX,Boom Clap,169866,0.659,pop/Dance/Electronic
One Direction,Steal My Girl,228133,0.536,pop
Tiesto,Red Lights,263890,0.653,pop/Dance/Electronic
Selena Gomez,The Heart Wants What It Wants,227360,0.616,pop
Rita Ora,I Will Never Let You Down,203466,0.753,hip hop/pop/Dance/Electronic
5 Seconds of Summer,She Looks So Perfect,202496,0.494,pop
The Script,Superheroes,245466,0.49,pop/rock
Taylor Swift,Shake It Off,219200,0.647,pop
One Direction,Night Changes,226600,0.672,pop
Ed Sheeran,Sing,235382,0.818,pop
Alesso,Heroes,209866,0.521,pop/Dance/Electronic
Tiesto,Wasted,188371,0.645,pop/Dance/Electronic
G.R.L.,Ugly Heart,198306,0.65,pop
Coldplay,A Sky Full of Stars,267866,0.545,rock/pop
Clean Bandit,Rather Be,227833,0.799,pop/Dance/Electronic
Zedd,Stay The Night,217346,0.596,hip hop/pop/Dance/Electronic
Sia,Elastic Heart,257200,0.421,pop
One Direction,Story of My Life,245493,0.6,pop
Alex & Sierra,Little Do You Know,185200,0.5,pop
Omarion,Post to Be,226580,0.733,hip hop/pop/R&B
Echosmith,Cool Kids,237626,0.719,pop
Natalie La Rose,Somebody,189906,0.83,pop
Vance Joy,Riptide,204280,0.484,rock/pop
Beyonce,Drunk in Love,323480,0.589,pop/R&B
Maroon 5,Sugar,235493,0.744,pop
Ella Henderson,Ghost,213213,0.68,pop/Dance/Electronic
Ed Sheeran,I See Fire,300840,0.581,pop
Chris Brown,New Flame,244226,0.702,hip hop/pop/R&B
Sheppard,Geronimo,218227,0.707,pop/rock/Dance/Electronic
Olly Murs,Wrapped Up,185640,0.787,pop/Dance/Electronic
Sam Smith,Money On My Mind,192670,0.688,pop
Jason Derulo,Trumpets,217306,0.627,hip hop/pop
Nicki Minaj,Bed Of Lies,269946,0.716,hip hop/pop
Nick Jonas,Jealous,222213,0.685,pop
Mark Ronson,Uptown Funk,269666,0.856,pop
Ed Sheeran,Thinking out Loud,281560,0.781,pop
Wiz Khalifa,See You Again,229525,0.689,hip hop/pop
Justin Bieber,What Do You Mean?,205680,0.845,pop
Major Lazer,Lean On,176561,0.723,hip hop/pop/Dance/Electronic
The Weeknd,Earned It,252226,0.659,pop/R&B
Ellie Goulding,Love Me Like You Do,252534,0.262,pop/rock/Dance/Electronic
Calvin Harris,Outside,227266,0.646,hip hop/pop/Dance/Electronic
David Guetta,Hey Mama,192560,0.596,hip hop/pop/Dance/Electronic
Demi Lovato,Cool for the Summer,214746,0.586,pop
Taylor Swift,Blank Space,231826,0.76,pop
The Weeknd,The Hills,242253,0.585,pop/R&B
The Neighbourhood,Daddy Issues,260173,0.588,rock/pop
Deorro,Five More Hours,211975,0.699,pop/Dance/Electronic
Avicii,The Nights,176658,0.527,pop/Dance/Electronic
DJ Snake,You Know You Like It,247266,0.407,hip hop/pop/Dance/Electronic
Adam Lambert,Ghost Town,208330,0.703,pop
Rae Sremmurd,No Type,200080,0.891,hip hop/pop
Taylor Swift,Bad Blood,200106,0.654,pop
Flo Rida,GDFR,190185,0.657,hip hop/pop
Robin Schulz,Sugar,219043,0.636,pop/Dance/Electronic
Calvin Harris,How Deep Is Your Love,212640,0.738,hip hop/pop/Dance/Electronic
Philip George,Wish You Were Mine,177560,0.654,pop/Dance/Electronic
Trey Songz,Na Na,231906,0.67,hip hop/pop/R&B
Fall Out Boy,Centuries,228360,0.393,rock
Rob $tone,Chill Bill,177184,0.886,hip hop
Lost Frequencies,Are You With Me,138842,0.776,pop/Dance/Electronic
Twenty One Pilots,Stressed Out,202333,0.734,rock
Fifth Harmony,Worth It,224573,0.884,pop
KALEO,Way down We Go,219560,0.59,rock/classical
Sam Smith,Like I Can,167065,0.656,pop
Major Lazer,Light It Up,166138,0.746,hip hop/pop/Dance/Electronic
Martin Solveig,Intoxicated,159693,0.8,pop/Dance/Electronic
Avicii,Waiting For Love,230613,0.579,pop/Dance/Electronic
Felix Jaehn,Ain't Nobody,186146,0.778,hip hop/pop/Dance/Electronic
Taylor Swift,Wildest Dreams,220440,0.553,pop
The Weeknd,In The Night,235653,0.48,pop/R&B
Pitbull,Time of Our Lives,229360,0.721,hip hop/pop/latin
Galantis,Runaway,227073,0.506,pop/Dance/Electronic
Rihanna,Bitch Better Have My Money,219305,0.781,hip hop/pop/R&B
Zara Larsson,Lush Life,202213,0.658,pop/Dance/Electronic
One Direction,Drag Me Down,192120,0.73,pop
Travis Scott,Antidote,262693,0.713,hip hop/Dance/Electronic
Years & Years,King,215360,0.559,pop/Dance/Electronic
Demi Lovato,Confident,205745,0.594,pop
Lemaitre,Closer,270589,0.583,pop
Selena Gomez,Same Old Love,229080,0.672,pop
Pia Mia,Do It Again,207746,0.712,pop/R&B
Flo Rida,My House,192190,0.688,hip hop/pop
Silento,Watch Me,185131,0.819,hip hop
Chris Brown,Ayo,225226,0.823,hip hop/pop/R&B
The Strumbellas,Spirits,203653,0.556,rock/Folk/Acoustic/pop
Fetty Wap,Trap Queen,222093,0.746,hip hop/pop
Tove Lo,Talking Body,238426,0.736,pop/Dance/Electronic
Beyonce,11,213506,0.747,pop/R&B
Lana Del Rey,High By The Beach,257573,0.536,pop
Zara Larsson,Never Forget You,213427,0.583,pop/Dance/Electronic
Jeremih,oui,238320,0.418,hip hop/pop/R&B
Drake,Hotline Bling,267066,0.891,hip hop/pop/R&B
Selena Gomez,Kill Em With Kindness,217906,0.757,pop
Birdy,Let It All Go,280757,0.383,pop
Fetty Wap,679,196693,0.618,hip hop/pop
Ariana Grande,Love Me Harder,236133,0.472,pop
The Weeknd,Can't Feel My Face,213520,0.705,pop/R&B
SAYGRACE,You Don't Own Me,199314,0.336,pop/R&B
X Ambassadors,Renegades,195200,0.526,hip hop/rock/pop
R. City,Locked Away,227480,0.509,pop
Kygo,Stole the Show,223186,0.64,pop/Dance/Electronic
Tame Impala,The Less I Know The Better,216320,0.64,metal
Selena Gomez,Good For You,221560,0.6,pop
Fetty Wap,My Way,213053,0.748,hip hop/pop
Hozier,Take Me To Church,241688,0.566,Folk/Acoustic/pop
Taylor Swift,Style,231000,0.588,pop
Alessia Cara,Here,199453,0.379,pop/R&B
Sam Smith,Writing's On The Wall,278987,0.261,pop
David Guetta,Bang My Head,193333,0.599,hip hop/pop/Dance/Electronic
Meek Mill,All Eyes on You,223973,0.589,hip hop/pop
Big Sean,I Don't Fuck With You,284386,0.824,hip hop/pop
Kygo,Firestone,271640,0.704,pop/Dance/Electronic
Drake,Jumpman,205879,0.853,hip hop/pop/R&B
Petit Biscuit,Sunset Lover,237792,0.783,Dance/Electronic
Shawn Mendes,Stitches,206880,0.746,pop
Flo Rida,I Don't Like It - I Love It,224258,0.854,hip hop/pop
Selena Gomez,The Heart Wants What It Wants,227373,0.616,pop
Jack U,Where Are U Now,250285,0.432,pop/Dance/Electronic
Ellie Goulding,On My Mind,213445,0.699,pop/rock/Dance/Electronic
Bryson Tiller,Don't,198293,0.765,hip hop/pop/R&B
Rich Homie Quan,Flex,176674,0.676,hip hop/pop
Joel Adams,Please Don't Go,210580,0.513,R&B
Zedd,I Want You To Know,238800,0.561,hip hop/pop/Dance/Electronic
Jonas Blue,Fast Car,212424,0.644,pop/Dance/Electronic
BARNS,Electric Love,218173,0.373,rock/pop
Sigala,Easy Love,229813,0.68,pop/Dance/Electronic
Justin Bieber,Sorry,200786,0.654,pop
Ariana Grande,One Last Time,197266,0.628,pop
Little Mix,Black Magic,211773,0.777,pop
One Direction,Perfect,230333,0.647,pop
Years & Years,Shine,255506,0.667,pop/Dance/Electronic
Meghan Trainor,Lips Are Movin,182666,0.775,pop
Nicky Jam,El Perdon,206666,0.736,latin
The Weeknd,Starboy,230453,0.681,pop/R&B
Drake,One Dance,173986,0.792,hip hop/pop/R&B
Justin Bieber,Love Yourself,233720,0.609,pop
The Chainsmokers,Closer,244960,0.748,pop/Dance/Electronic
Adele,Hello,295502,0.471,pop/R&B
Desiigner,Panda,246761,0.576,hip hop/pop
Burak Yeter,Tuesday,241874,0.841,Dance/Electronic
Sia,Cheap Thrills,224813,0.592,pop
OneRepublic,Wherever I Go,169773,0.552,pop
Rihanna,Work,219320,0.725,hip hop/pop/R&B
Coldplay,Hymn for the Weekend,258266,0.491,rock/pop
Justin Bieber,Sorry,200786,0.654,pop
Justin Timberlake,CAN'T STOP THE FEELING!,236001,0.666,pop
WILLOW,Wait a Minute!,196520,0.764,pop/R&B/Dance/Electronic
Desiigner,Tiimmy Turner,239853,0.603,hip hop/pop
G,Me - Myself & I,251466,0.756,hip hop/pop
David Guetta,This One's for You,207272,0.367,hip hop/pop/Dance/Electronic
Astrid S,Hurts So Good,208728,0.672,rock/pop/Dance/Electronic
Lil Wayne,Sucker for Pain,243490,0.502,hip hop/pop
Twenty One Pilots,Heathens,195920,0.732,rock
Future,Low Life,313546,0.722,hip hop/pop
Galantis,No Money,189126,0.671,pop/Dance/Electronic
The Chainsmokers,Don't Let Me Down,208373,0.532,pop/Dance/Electronic
Tinie Tempah,Girls Like,196000,0.916,hip hop/pop/Dance/Electronic
Alok,Hear Me Now,192846,0.788,pop/Dance/Electronic
Jon Bellion,All Time Low,217603,0.617,hip hop/pop
Cheat Codes,Sex,228361,0.51,pop/Dance/Electronic
Meghan Trainor,NO,213506,0.557,pop
Dua Lipa,Hotter Than Hell,187957,0.532,pop
Martin Garrix,In the Name of Love,195706,0.501,pop/Dance/Electronic
Alan Walker,Faded,212106,0.468,Dance/Electronic
Tove Lo,Cool Girl,197815,0.674,pop/Dance/Electronic
DJ Snake,Let Me Love You,205946,0.649,hip hop/pop/Dance/Electronic
Calvin Harris,This Is What You Came For,222160,0.631,hip hop/pop/Dance/Electronic
Mike Posner,I Took A Pill In Ibiza,197933,0.664,hip hop/pop/Dance/Electronic
Kevin Gates,2 Phones,240000,0.895,hip hop/pop
Rihanna,Needed Me,191600,0.671,hip hop/pop/R&B
Ariana Grande,Side To Side,226160,0.648,pop
Marshmello,Alone,273802,0.631,pop/Dance/Electronic
Shawn Mendes,I Know What You Did Last Summer,223853,0.687,pop
Selena Gomez,Same Old Love,229080,0.672,pop
Calvin Harris,My Way,219159,0.818,hip hop/pop/Dance/Electronic
Fitz and The Tantrums,HandClap,193253,0.636,pop/rock
Twenty One Pilots,Ride,214506,0.645,rock
Flo Rida,My House,192190,0.688,hip hop/pop
Ariana Grande,Dangerous Woman,235946,0.677,pop
Anne,Alarm,205593,0.756,pop/Dance/Electronic
Charlie Puth,We Don't Talk Anymore,217706,0.728,pop
AlunaGeorge,I'm In Control,209425,0.734,pop/Dance/Electronic
Enrique Iglesias,DUELE EL CORAZON,199693,0.716,pop/latin
MNEK,Never Forget You,213427,0.583,Dance/Electronic
Mike Perry,The Ocean,183414,0.632,pop/Dance/Electronic
Drake,Hotline Bling,267066,0.903,hip hop/pop/R&B
Ariana Grande,Into You,244453,0.623,pop
Shawn Mendes,Treat You Better,187973,0.444,pop
Tory Lanez,Say It,237786,0.546,hip hop/pop/R&B
Coldplay,Adventure of a Lifetime,263786,0.638,rock/pop
Kungs,This Girl,195561,0.79,pop/Dance/Electronic
SAYGRACE,You Don't Own Me,201493,0.332,pop/R&B
X Ambassadors,Renegades,195200,0.526,hip hop/rock/pop
DNCE,Cake By The Ocean,219146,0.774,pop
99 Souls,The Girl Is Mine,216613,0.683,Dance/Electronic
Illy,Papercuts,255889,0.369,hip hop/pop/Dance/Electronic
Kiiara,Gold,225882,0.6,rock/pop/Dance/Electronic
Kygo,Stole the Show,222813,0.678,pop/Dance/Electronic
Fifth Harmony,Work from Home,214480,0.803,pop
Drake,Pop Style,212946,0.713,hip hop/pop/R&B
ZAYN,PILLOWTALK,203686,0.588,pop/Dance/Electronic
Alessia Cara,Here,199453,0.376,pop/R&B
DJ Snake,Middle,220573,0.611,hip hop/pop/Dance/Electronic
Sigala,Sweet Lovin',202149,0.683,pop/Dance/Electronic
Drake,Jumpman,205879,0.852,hip hop/pop/R&B
Charlie Puth,Dangerously,199133,0.696,pop
Nick Jonas,Close,234213,0.654,pop
Jonas Blue,Perfect Strangers,196613,0.742,pop/Dance/Electronic
Major Lazer,Cold Water,185351,0.608,hip hop/pop/Dance/Electronic
The Chainsmokers,Roses,226738,0.713,pop/Dance/Electronic
Tory Lanez,LUV,228640,0.688,hip hop/pop/R&B
P!nk,Just Like Fire,215413,0.632,pop
Bryson Tiller,Don't,198293,0.765,hip hop/pop/R&B
Steve Aoki,Just Hold On,198774,0.647,hip hop/pop/Dance/Electronic
Clean Bandit,Tears,225914,0.605,pop/Dance/Electronic
Jonas Blue,Fast Car,212424,0.459,pop/Dance/Electronic
Flume,Never Be Like You,233337,0.443,Dance/Electronic
Bastille,Good Grief,206493,0.73,pop/rock
Sia,The Greatest,210226,0.668,pop
PARTYNEXTDOOR,Not Nice,202661,0.598,hip hop/pop/R&B
Garrett Nash,i hate u - i love u,251033,0.492,hip hop/pop
Hilltop Hoods,1955,239280,0.766,hip hop/pop
Fifth Harmony,All In My Head,210573,0.689,pop
Daya,Sit Still - Look Pretty,202221,0.657,rock/pop/Dance/Electronic
Kent Jones,Don't Mind,198236,0.464,hip hop
Flume,Say It,262521,0.581,Dance/Electronic
Bryson Tiller,Exchange,194613,0.525,hip hop/pop/R&B
Mo,Final Song,235826,0.695,pop/Dance/Electronic
Beyonce,Sorry,232560,0.775,pop/R&B
Little Mix,Shout Out to My Ex,246240,0.773,pop
The Lumineers,Ophelia,160097,0.664,pop/Folk/Acoustic
Frank Ocean,Pink + White,184516,0.544,hip hop/pop/R&B
Drake,Too Good,263373,0.794,hip hop/pop/R&B
Ed Sheeran,Shape of You,233712,0.825,pop
Sean Paul,No Lie,221176,0.742,hip hop/pop
Luis Fonsi,Despacito,228200,0.66,pop/latin
Sam Smith,Too Good At Goodbyes,201000,0.681,pop
Clean Bandit,Rockabye,251088,0.72,pop/Dance/Electronic
Camila Cabello,Havana,216896,0.768,pop
Imagine Dragons,Thunder,187146,0.6,rock
Maroon 5,Don't Wanna Know,214265,0.783,pop
The Chainsmokers,Something Just Like This,247160,0.617,pop/Dance/Electronic
Ed Sheeran,Perfect,263400,0.599,pop
MGMT,Little Dark Age,299960,0.705,rock
Travis Scott,goosebumps,243836,0.841,hip hop/Dance/Electronic
Billie Eilish,Bored,180933,0.614,pop/Dance/Electronic
Future,Mask Off,204600,0.833,hip hop/pop
G,Him & I,268866,0.589,hip hop/pop
Maroon 5,Cold,234308,0.697,pop
Rae Sremmurd,Swang,208120,0.681,hip hop/pop
Lil Peep,Save That Shit,231546,0.534,hip hop
A$AP Ferg,Plain Jane,173600,0.797,hip hop/pop
French Montana,Unforgettable,233901,0.726,hip hop/pop
21 Savage,Bank Account,220306,0.884,hip hop
Axwell /\ Ingrosso,More Than You Know,203000,0.645,pop/Dance/Electronic
ZAYN,Dusk Till Dawn,239000,0.259,pop/Dance/Electronic
J Balvin,Mi Gente,189029,0.548,latin
Jax Jones,You Don't Know Me,213946,0.876,hip hop/pop/Dance/Electronic
Rae Sremmurd,Black Beatles,291893,0.794,hip hop/pop
Zara Larsson,Ain't My Fault,224030,0.576,pop/Dance/Electronic
Travis Scott,BUTTERFLY EFFECT,190677,0.763,hip hop/Dance/Electronic
Ayo & Teo,Rolex,238586,0.804,hip hop/pop
Lil Uzi Vert,XO Tour Llif3,182706,0.732,hip hop
Imagine Dragons,Whatever It Takes,201240,0.672,rock
Rob $tone,Chill Bill,177184,0.886,hip hop
Jason Derulo,Swalla,216408,0.696,hip hop/pop
G,No Limit,245386,0.838,hip hop/pop
Playboi Carti,Magnolia,181812,0.791,hip hop
Chord Overstreet,Hold On,198853,0.618,pop/Folk/Acoustic
Jax Jones,Breathe,207629,0.722,hip hop/pop/Dance/Electronic
Imagine Dragons,Believer,204346,0.779,rock
Natti Natasha,Criminal,232549,0.814,pop/latin
Kendrick Lamar,HUMBLE.,177000,0.906,hip hop
Selena Gomez,Fetish,186112,0.708,pop
Charlie Puth,Attention,211475,0.774,pop
Big Shaq,Man's Not Hot,186026,0.905,pop/Dance/Electronic
Anne,Ciao Adios,200104,0.698,pop/Dance/Electronic
Rag'n'Bone Man,Human,200186,0.602,R&B
blackbear,do re mi,212027,0.745,hip hop/pop/Dance/Electronic
Lil Pump,Gucci Gang,124055,0.936,hip hop
Taylor Swift,Look What You Made Me Do,211853,0.766,pop
Enrique Iglesias,SUBEME LA RADIO,207680,0.688,pop/latin
Kodak Black,Tunnel Vision,268186,0.497,hip hop
Kendrick Lamar,DNA.,185946,0.636,hip hop
A Boogie Wit da Hoodie,Drowning,209269,0.839,hip hop
XXXTENTACION,Jocelyn Flores,119133,0.872,hip hop
Migos,Bad and Boujee,343150,0.926,hip hop/pop
Yo Gotti,Rake It Up,276333,0.91,hip hop/pop
Martin Garrix,Scared to Be Lonely,220883,0.584,pop/Dance/Electronic
Jonas Blue,Mama,181614,0.739,pop/Dance/Electronic
Martin Jensen,Solo Dance,174933,0.744,pop/Dance/Electronic
Taylor Swift,...Ready For It?,208186,0.613,pop
David Guetta,2U,194896,0.548,hip hop/pop/Dance/Electronic
Migos,Slippery,304041,0.92,hip hop/pop
Shawn Mendes,There's Nothing Holdin' Me Back,199440,0.857,pop
G,Good Life,225520,0.572,hip hop/pop
The Vamps,All Night,197640,0.538,pop
Dua Lipa,New Rules,212000,0.763,pop
Cardi B,Bodak Yellow,223962,0.929,hip hop/pop
Rag'n'Bone Man,Skin,239626,0.564,R&B
Zara Larsson,I Would Like,226720,0.486,pop/Dance/Electronic
DJ Khaled,Wild Thoughts,204173,0.671,hip hop/pop
Post Malone,Congratulations,220293,0.63,hip hop
Avicii,Without You,181672,0.662,pop/Dance/Electronic
Clean Bandit,Symphony,214866,0.718,pop/Dance/Electronic
Katy Perry,Chained To The Rhythm,237733,0.562,pop
Zay Hilfigerrr,Juju on That Beat,144244,0.807,pop
Calvin Harris,Feels,223413,0.893,hip hop/pop/Dance/Electronic
Migos,T,242407,0.865,hip hop/pop
OneRepublic,Rich Love,201256,0.401,pop
Maggie Lindemann,Pretty Girl,193613,0.703,rock/pop
Macklemore,Glorious,220454,0.731,hip hop/pop
Hayden James,NUMB,217296,0.617,pop/Dance/Electronic
Liam Payne,Strip That Down,204502,0.869,pop
Drake,Passionfruit,298940,0.809,hip hop/pop/R&B
Justin Bieber,Friends,189466,0.744,pop
ZAYN,I Dont Wanna Live Forever,245200,0.735,pop/Dance/Electronic
Alessia Cara,Scars To Your Beautiful,230226,0.319,pop/R&B
2 Chainz,It's A Vibe,210200,0.822,hip hop/pop
Starley,Call on Me,222040,0.67,pop/Dance/Electronic
AJR,Weak,201160,0.673,rock
Lana Del Rey,Lust for Life,264011,0.499,pop
CNCO,Reggaeton Lento,188786,0.623,pop/latin
The Vamps,Middle Of The Night,174600,0.588,pop
The Weeknd,I Feel It Coming,269186,0.773,pop/R&B
The Chainsmokers,Paris,221506,0.653,pop/Dance/Electronic
Big Sean,Bounce Back,222360,0.78,hip hop/pop
Shawn Mendes,Mercy,208733,0.561,pop
Avicii,Lonely Together,181812,0.655,pop/Dance/Electronic
Cheat Codes,No Promises,223503,0.741,pop/Dance/Electronic
Bruno Mars,24K Magic,225983,0.818,pop
Lorde,Homemade Dynamite,214254,0.781,pop/Dance/Electronic
Kygo,It Ain't Me,220780,0.64,pop/Dance/Electronic
Drake,God's Plan,198973,0.754,hip hop/pop/R&B
Post Malone,rockstar,218146,0.585,hip hop
Offset,Ric Flair Drip,172800,0.88,hip hop/pop
G,Him & I,268866,0.589,hip hop/pop
Dynoro,In My Mind,184560,0.694,pop/Dance/Electronic
Juice WRLD,Lucid Dreams,239835,0.511,hip hop
Zedd,The Middle,184732,0.753,hip hop/pop/Dance/Electronic
Marshmello,FRIENDS,202620,0.626,pop/Dance/Electronic
Cardi B,I Like It,253390,0.816,hip hop/pop
XXXTENTACION,Moonlight,135090,0.921,hip hop
Ariana Grande,no tears left to cry,205920,0.699,pop
Sheck Wes,Mo Bamba,183906,0.729,hip hop
Calvin Harris,One Kiss,214846,0.791,hip hop/pop/Dance/Electronic
Tyga,Taste,232959,0.884,hip hop/pop
Travis Scott,SICKO MODE,312820,0.834,hip hop/Dance/Electronic
Imagine Dragons,Natural,189466,0.704,rock
DJ Snake,Taki Taki,212500,0.842,hip hop/pop/Dance/Electronic
Marshmello,Spotlight,177600,0.546,pop/Dance/Electronic
The Weeknd,Pray For Me,211440,0.735,pop/R&B
Billie Eilish,lovely,200185,0.351,pop/Dance/Electronic
Migos,Walk It Talk It,276147,0.907,hip hop/pop
Clean Bandit,Solo,222653,0.737,pop/Dance/Electronic
Drake,Nonstop,238614,0.912,hip hop/pop/R&B
6ix9ine,FEFE,179404,0.931,hip hop
The Weeknd,Call Out My Name,228373,0.461,pop/R&B
Nio Garcia,Te Bote,417920,0.903,latin
Migos,MotorSport,303076,0.904,hip hop/pop
Nicky Jam,X,172854,0.594,latin
XXXTENTACION,SAD!,166605,0.74,hip hop
Becky G,Sin Pijama,188560,0.791,pop/latin
Machine Gun Kelly,Home,202804,0.653,hip hop/pop
6ix9ine,GUMMO,157643,0.66,hip hop
Jax Jones,Breathe,207629,0.722,hip hop/pop/Dance/Electronic
The Chainsmokers,Sick Boy,193200,0.663,pop/Dance/Electronic
Jay Rock,King's Dead,229670,0.645,hip hop/pop
Rich The Kid,Plug Walk,175229,0.876,hip hop/pop
Kendrick Lamar,All The Stars,232186,0.698,hip hop
Logic,Everyday,204746,0.667,hip hop/pop
Jason Derulo,Tip Toe,187521,0.845,hip hop/pop
Ariana Grande,God is a woman,197546,0.602,pop
Rae Sremmurd,Powerglide,332300,0.713,hip hop/pop
EO,German,170825,0.862,pop
Dennis Lloyd,Nevermind,156600,0.6,pop
girl in red,we fell in love in october,184153,0.566,pop/rock/Dance/Electronic
Selena Gomez,Wolves,197993,0.724,pop
Tiesto,Jackie Chan,215759,0.747,pop/Dance/Electronic
Tom Walker,Leave a Light On,185863,0.586,rock/pop
Sofia Reyes,1 - 2 - 3,201526,0.792,pop/latin
Marshmello,Silence,180822,0.52,pop/Dance/Electronic
5 Seconds of Summer,Youngblood,203417,0.596,pop
Loud Luxury,Body,163216,0.752,pop/Dance/Electronic
Liam Payne,For You,245453,0.541,pop
NF,Let You Down,212120,0.662,hip hop/pop
XXXTENTACION,changes,121886,0.669,hip hop
Maluma,Corazon,184720,0.722,latin
Cardi B,Bodak Yellow,223712,0.926,hip hop/pop
Lil Baby,Yes Indeed,142273,0.963,hip hop
Jonas Blue,Rise,194407,0.687,pop/Dance/Electronic
David Guetta,Flames,194680,0.631,hip hop/pop/Dance/Electronic
Ozuna,Vaina Loca,176133,0.754,latin
Charlie Puth,How Long,200853,0.845,pop
Post Malone,Better Now,231266,0.68,hip hop
BlocBoy JB,Look Alive,181263,0.922,hip hop/pop
Eminem,River,221013,0.748,hip hop
Marshmello,Happier,214289,0.687,pop/Dance/Electronic
Dean Lewis,Be Alright,196373,0.553,pop
Charlie Puth,Done for Me,180493,0.856,pop
Migos,Stir Fry,190288,0.817,hip hop/pop
YG,BIG BANK,237240,0.745,hip hop/pop
Drake,In My Feelings,217925,0.835,hip hop/pop/R&B
B Young,Jumanji,173153,0.791,hip hop/Dance/Electronic
Charlie Puth,The Way I Am,186080,0.755,pop
Reik,Me Niego,221653,0.777,pop/latin
benny blanco,Eastside,173799,0.56,hip hop/pop
Luis Fonsi,Echame la culpa,173720,0.733,pop/latin
MK,17,196489,0.703,pop/Dance/Electronic
Rita Ora,Anywhere,215064,0.628,hip hop/pop/Dance/Electronic
Banx & Ranx,Answerphone,190920,0.671,Dance/Electronic
Ella Mai,Trip,213993,0.477,hip hop/pop/R&B
Daddy Yankee,Dura,200480,0.783,latin
DJ Khaled,No Brainer,260000,0.552,hip hop/pop
Anne,2002,186986,0.697,pop/Dance/Electronic
Bruno Mars,Finesse,217288,0.704,pop
FINNEAS,Let's Fall in Love for the Night,190348,0.737,rock/pop/Dance/Electronic
Hugh Jackman,The Greatest Show,302146,0.417,easy listening
Halsey,Bad At Love,181279,0.675,pop/Dance/Electronic
Drake,I'm Upset,214466,0.899,hip hop/pop/R&B
Camila Cabello,Never Be the Same,226973,0.637,pop
M.O,Bad Vibe,214253,0.813,pop/Dance/Electronic
Dua Lipa,IDGAF,217946,0.836,pop
Cashmere Cat,Miss You,186231,0.747,pop/rock
Bazzi,Mine,131064,0.71,pop/Dance/Electronic
Lil Dicky,Freaky Friday,216631,0.755,hip hop/pop
Lauv,I Like Me Better,197436,0.752,pop/Dance/Electronic
The Chainsmokers,This Feeling,197946,0.575,pop/Dance/Electronic
Maroon 5,Girls Like You,235545,0.851,pop
Khalid,Love Lies,201707,0.708,pop/R&B
Drake,Nice For What,210746,0.585,hip hop/pop/R&B
Kendrick Lamar,LOVE. FEAT. ZACARI.,213400,0.8,hip hop
Post Malone,Psycho,221440,0.75,hip hop
Lil Nas X,Old Town Road,157066,0.878,hip hop/pop
Billie Eilish,bad guy,194087,0.701,pop/Dance/Electronic
Shawn Mendes,Senorita,190799,0.759,pop
Ariana Grande,7 rings,178626,0.778,pop
Post Malone,Sunflower,157560,0.755,hip hop
Gesaffelstein,Lost in the Fire,202093,0.658,Dance/Electronic
Halsey,Without Me,201660,0.752,pop/Dance/Electronic
Regard,Ride It,157605,0.88,pop/Dance/Electronic
Lady Gaga,Shallow,215733,0.572,pop
Mark Ronson,Nothing Breaks Like a Heart,217466,0.601,pop
Lewis Capaldi,Someone You Loved,182160,0.501,pop
Jax Jones,All Day And Night,169303,0.585,hip hop/pop/Dance/Electronic
Mustard,Pure Water,192470,0.682,hip hop/pop
NLE Choppa,Shotta Flow,176631,0.894,hip hop
Kodak Black,ZEZE,228759,0.861,hip hop
Daddy Yankee,Con Calma,193226,0.737,latin
Alec Benjamin,Let Me Down Slowly,169353,0.652,rock/pop/Dance/Electronic
BLACKPINK,Kill This Love,189052,0.738,pop
Offset,Clout,205803,0.919,hip hop/pop
MEDUZA,Piece Of Your Heart,152913,0.677,pop/Dance/Electronic
Ed Sheeran,Antisocial,161746,0.716,pop
Travis Scott,SICKO MODE,312820,0.834,hip hop/Dance/Electronic
Mabel,Mad Love,169813,0.631,pop/Dance/Electronic
Lana Del Rey,Doin' Time,202192,0.641,pop
DJ Snake,Taki Taki,212500,0.842,hip hop/pop/Dance/Electronic
A Boogie Wit da Hoodie,Look Back at It,179449,0.791,hip hop
Saweetie,My Type,126446,0.899,hip hop/pop/R&B
Lil Tecca,Ransom,131240,0.745,hip hop
Russ Millions,Keisha & Becky,252906,0.863,pop
Billie Eilish,lovely,200185,0.351,pop/Dance/Electronic
Mabel,Don't Call Me Up,178480,0.674,pop/Dance/Electronic
Lil Nas X,Old Town Road,113000,0.907,hip hop/pop
Meek Mill,Going Bad,180522,0.889,hip hop/pop
Post Malone,Wow.,149546,0.829,hip hop
Doja Cat,Juicy,202333,0.786,pop
A Boogie Wit da Hoodie,Swervin,189486,0.581,hip hop
iann dior,emotions,131213,0.63,hip hop/pop
Paulo Londra,Adan y Eva,256971,0.767,hip hop/latin/Dance/Electronic
Drake,Money In The Grave,205426,0.831,hip hop/pop/R&B
Lil Nas X,Panini,114893,0.703,hip hop/pop
Bad Bunny,MIA,210367,0.817,latin
Polo G,Pop Out,166560,0.772,hip hop
Juice WRLD,Robbery,240050,0.685,hip hop
21 Savage,a lot,288624,0.837,hip hop
Young Thug,The London,200106,0.796,hip hop/pop
Anuel AA,China,301714,0.786,latin
Camila Cabello,Liar,207038,0.74,pop
Flipp Dinero,Leave Me Alone,195637,0.792,hip hop/pop
Cardi B,Money,183527,0.95,hip hop/pop
Ariana Grande,break up with your girlfriend - i'm bored,190440,0.726,pop
Dave,Location,241293,0.812,hip hop
Ava Max,Sweet but Psycho,187436,0.719,pop
Dua Lipa,Don't Start Now,183290,0.794,pop
Young T & Bugsey,Strike a Pose,214203,0.531,hip hop
Calvin Harris,Giant,229184,0.807,hip hop/pop/Dance/Electronic
Ed Sheeran,Take Me Back to London,189733,0.885,pop
Cardi B,Please Me,200889,0.747,hip hop/pop
Stormzy,Vossi Bop,196266,0.682,hip hop/Dance/Electronic
Tones And I,Dance Monkey,209438,0.824,pop
Ariana Grande,boyfriend,186106,0.4,pop
Bad Bunny,Callaita,250533,0.61,latin
Ava Max,So Am I,183026,0.682,pop
Pedro Capo,Calma,238200,0.826,pop/latin
J. Cole,MIDDLE CHILD,213593,0.837,hip hop
Lunay,Soltera,266086,0.795,pop/latin
Khalid,Better,229412,0.442,pop/R&B
Blueface,Thotiana,129264,0.906,hip hop
DaBaby,Suge,163320,0.876,hip hop
AJ Tracey,Ladbroke Grove,190537,0.903,hip hop/Dance/Electronic
Billie Eilish,bury a friend,193143,0.905,pop/Dance/Electronic
BTS,Boy With Luv,229773,0.645,pop
Wiley,Boasty,177185,0.887,hip hop/Dance/Electronic
Jonas Brothers,Only Human,183000,0.795,pop
5 Seconds of Summer,Easier,157492,0.505,pop
Avicii,SOS,157202,0.802,pop/Dance/Electronic
Tyler - The Creator,EARFQUAKE,190066,0.554,hip hop
Ashley O,On A Roll,154447,0.736,pop
Dominic Fike,3 Nights,177666,0.815,rock/pop
Sigala,Wish You Well,205653,0.669,pop/Dance/Electronic
Megan Thee Stallion,Hot Girl Summer,199427,0.872,hip hop/pop/R&B
Anuel AA,Secreto,258800,0.807,latin
Sam Feldt,Post Malone,174444,0.59,pop/Dance/Electronic
Kehlani,Nights Like This,201787,0.61,hip hop/pop/R&B
Sech,Otro Trago,225933,0.746,latin
Post Malone,Better Now,231266,0.68,hip hop
Ed Sheeran,Cross Me,206186,0.746,pop
Lauv,i'm so tired...,162582,0.599,pop/Dance/Electronic
iann dior,gone girl,136568,0.677,hip hop/pop
Panic! At The Disco,High Hopes,190946,0.579,rock
Marshmello,One Thing Right,181823,0.659,pop/Dance/Electronic
Sam Smith,How Do You Sleep?,202204,0.477,pop
NSG,Options,240081,0.836,World/Traditional/hip hop
Normani,Motivation,193837,0.599,pop/R&B
Joel Corry,Sorry,188640,0.744,pop/Dance/Electronic
Post Malone,Goodbyes,174960,0.58,hip hop
Jonas Brothers,Sucker,181026,0.842,pop
Taylor Swift,Cruel Summer,178426,0.552,pop
Blanco Brown,The Git Up,200593,0.847,hip hop/country
Sam Smith,Dancing With A Stranger,171029,0.741,pop
Post Malone,Circles,215280,0.695,hip hop
