Sisqo,Thong Song,253733,0.706
Eminem,The Real Slim Shady,284200,0.949
Robbie Williams,Rock DJ,258560,0.708
Destiny's Child,Say My Name,271333,0.713
Modjo,Lady,307153,0.72
Gigi D'Agostino,L'Amour Toujours,238759,0.617
Eiffel 65,Move Your Body,268863,0.745
Bomfunk MC's,Freestyler,306333,0.822
Sting,Desert Rose,285960,0.586
Melanie C,Never Be The Same Again,294200,0.689
Aaliyah,Try Again,284000,0.797
Anastacia,I'm Outta Love,245400,0.761
Alice Deejay,Better Off Alone,214883,0.671
Gigi D'Agostino,The Riddle,285426,0.74
Dr. Dre,The Next Episode,161506,0.922
Linkin Park,In the End,216880,0.556
Tom Jones,Sexbomb,211893,0.801
Sonique,It Feels So Good,240866,0.634
M.O.P.,Cold as Ice,244466,0.656
Melanie C,I Turn To You,352173,0.522
Limp Bizkit,Take A Look Around,321040,0.425
Darude,Sandstorm,225493,0.528
Da Brat,What'chu Like,221160,0.879
Moloko,The Time Is Now,318280,0.682
Chicane,Don't Give Up,210786,0.644
DMX,Party Up,268866,0.51
Debelah Morgan,Dance with Me,220106,0.85
Britney Spears,Oops!...I Did It Again,211160,0.751
blink 182,All The Small Things,167066,0.434
Faith Hill,Breathe,250546,0.529
Bon Jovi,It's My Life,224493,0.551
*NSYNC,Bye Bye Bye,200560,0.614
Madonna,Music,225973,0.736
Ruff Endz,No More,242560,0.839
Britney Spears,Born to Make You Happy,243533,0.633
Montell Jordan,Get It On Tonite,276266,0.813
Kylie Minogue,Spinning Around,207866,0.761
JAY,Big Pimpin',283066,0.88
LeAnn Rimes,I Need You,229826,0.478
Avant,Separated,255600,0.798
Enrique Iglesias,Be With You,219360,0.683
Toni Braxton,He Wasn't Man Enough,261933,0.739
Bow Wow,Bounce With Me,175893,0.852
Dr. Dre,Forgot About Dre,222293,0.924
Missy Elliott,Hot Boyz,215466,0.727
Backstreet Boys,Show Me the Meaning of Being Lonely,234960,0.63
Samantha Mumba,Gotta Tell You,201946,0.729
Mya,Case Of The Ex,236906,0.772
Mary Mary,Shackles,198346,0.779
Next,Wifey,243666,0.829
Janet Jackson,Doesn't Really Matter,265026,0.771
Ricky Martin,She Bangs,280626,0.63
Jagged Edge,He Can't Love U,244053,0.721
Sisqo,Incomplete,274226,0.746
JAY,I Just Wanna Love U,227866,0.8
Mariah Carey,Thank God I Found You,257360,0.348
Baha Men,Who Let The Dogs Out,198400,0.869
Donell Jones,U Know What's Up,243733,0.854
LeAnn Rimes,Can't Fight The Moonlight,215506,0.628
Oasis,Go Let It Out,278666,0.408
DJ Atzi,Hey Baby,219240,0.666
P!nk,Most Girls,298960,0.742
Mariah Carey,Against All Odds,199480,0.471
Craig David,Fill Me In,257200,0.682
Christina Aguilera,I Turn to You,273706,0.599
Madonna,American Pie,273533,0.631
Red Hot Chili Peppers,Otherside,255373,0.458
Sammie,I Like It,251040,0.826
Craig David,7 Days,235133,0.659
Santana,Maria Maria,261973,0.777
Kandi,Don't Think I'm Not,243533,0.859
P!nk,There You Go,202800,0.822
Vengaboys,Shalala Lala,214819,0.751
Ronan Keating,Life Is A Rollercoaster,234826,0.655
Madison Avenue,Don't Call Me Baby,228140,0.808
Destiny's Child,Jumpin' - Jumpin',230200,0.771
Celine Dion,That's the Way It Is,241373,0.634
3 Doors Down,Kryptonite,233933,0.545
Carl Thomas,I Wish,226760,0.736
Mystikal,Shake Ya Ass,256973,0.914
Fuel,Hemorrhage,236866,0.313
Donell Jones,Where I Wanna Be,253626,0.664
Savage Garden,Crash and Burn,281466,0.581
Westlife,My Love,231760,0.491
All Saints,Pure Shores,268746,0.631
Destiny's Child,Independent Women - Pt. 1,221133,0.73
*NSYNC,It's Gonna Be Me,191040,0.644
Erykah Badu,Bag Lady,348893,0.724
Marc Anthony,You Sang To Me,347106,0.578
Matchbox Twenty,Bent,256133,0.518
Gabrielle,Rise,219093,0.558
Backstreet Boys,Shape of My Heart,230093,0.575
Creed,With Arms Wide Open,274800,0.41
The Corrs,Breathless,207506,0.607
Joe,I Wanna Know,296693,0.725
Wheatus,Teenage Dirtbag,241666,0.625
Christina Aguilera,Come on over Baby,203333,0.829
Creed,Higher,316733,0.459
Britney Spears,Lucky,206226,0.765
Nelly,Country Grammar,287000,0.865
Shaggy,It Wasn't Me,227600,0.853
Destiny's Child,Survivor,254026,0.514
Eminem,Stan,404106,0.78
Kylie Minogue,Can't Get You out of My Head,230640,0.766
Christina Aguilera,Lady Marmalade,264893,0.76
Nelly Furtado,I'm Like A Bird,243160,0.622
Shakira,Whenever - Wherever,196160,0.794
Jimmy Eat World,The Middle,165853,0.643
Train,Drops of Jupiter,259933,0.481
Geri Halliwell,It's Raining Men,254640,0.637
Blu Cantrell,Hit 'Em Up Style,250706,0.667
Britney Spears,I'm a Slave 4 U,203600,0.847
Kylie Minogue,In Your Eyes,197826,0.689
Missy Elliott,One Minute Man,252986,0.622
Mary J. Blige,Family Affair,265866,0.911
Faithless,We Come 1,222435,0.645
Limp Bizkit,Rollin',213760,0.603
Lasgo,Something,220973,0.643
iio,Rapture,253586,0.661
Emma Bunton,What Took You So Long?,241000,0.668
112,It's Over Now,264933,0.66
Blue,All Rise,223546,0.721
Jessica Simpson,Irresistible,194026,0.657
Crazy Town,Butterfly,216733,0.736
Michael Jackson,You Rock My World,337733,0.854
Eve,Let Me Blow Ya Mind,230133,0.908
Jennifer Lopez,Ain't It Funny,246160,0.707
Brandy,Another Day in Paradise,271626,0.7
Nickelback,How You Remind Me,223840,0.446
Daft Punk,One More Time,320357,0.613
Outkast,Ms. Jackson,270506,0.843
Fragma,Everytime You Need Me,213346,0.682
Mariah Carey,Loverboy,229173,0.721
Dido,Thank You,218360,0.725
Joe,Stutter,213026,0.767
P.O.D.,Youth of the Nation,256240,0.563
Jennifer Lopez,Play,211493,0.775
Missy Elliott,Get Ur Freak On,211120,0.797
Ricky Martin,Nobody Wants to Be Lonely,252706,0.635
Christina Milian,AM To PM,231213,0.872
Roger Sanchez,Another Chance,452906,0.61
Gorillaz,Clint Eastwood,340920,0.663
2Pac,Until The End Of Time,266506,0.757
Tamia,Stranger in My House,285386,0.676
Mary J. Blige,No More Drama,326240,0.653
Jennifer Lopez,Love Don't Cost a Thing,221226,0.786
Jamiroquai,Little L,295400,0.878
Case,Missing You,284666,0.612
112,Peaches & Cream,193093,0.677
Five,Let's Dance,218626,0.631
Rui Da Silva,Touch Me,213133,0.464
Alien Ant Farm,Smooth Criminal,209266,0.653
Erick Sermon,Music,223133,0.897
D12,Purple Pills,304506,0.78
Usher,Pop Ya Collar,210813,0.888
Madonna,Don't Tell Me,280973,0.699
Blue,If You Come Back,207560,0.582
Atomic Kitten,Eternal Flame,195506,0.578
Jagged Edge,Where the Party At,232573,0.596
Afroman,Because I Got High,197760,0.802
S Club 7,Don't Stop Movin',233626,0.822
Craig David,Fill Me In,257200,0.682
Nelly Furtado,Turn Off The Light,276106,0.587
The Supermen Lovers,Starlight,234400,0.739
Mis,All I Want,207400,0.795
Jagged Edge,Promise,246720,0.751
S Club 7,Have You Ever,201533,0.585
Enya,Only Time,218546,0.418
Faith Hill,There You'll Be,222120,0.321
Ronan Keating,Lovin' Each Day,212973,0.541
Destiny's Child,Bootylicious,207906,0.84
Steps,It's the Way You Make Me Feel,197360,0.573
Sunshine Anderson,Heard It All Before,295826,0.697
Lenny Kravitz,Again,231666,0.55
Daniel Bedingfield,Gotta Get Thru This,162333,0.836
DB Boulevard,Point Of View,231166,0.676
Janet Jackson,All For You,329933,0.753
Atomic Kitten,Whole Again,185013,0.747
Ja Rule,Livin' It Up,257066,0.874
Destiny's Child,Independent Women - Pt. 1,221133,0.73
DJ Pied Piper,Do You Really Like It?,217120,0.847
Jennifer Lopez,I'm Real,262133,0.708
Musiq Soulchild,Love,304666,0.569
So Solid Crew,21 Seconds,302826,0.607
Robbie Williams,Eternity,302760,0.469
Basement Jaxx,Romeo,217493,0.713
Ludacris,Southern Hospitality,300933,0.623
Gabrielle,Rise,219093,0.558
Nelly,Ride Wit Me,291781,0.85
Trick Daddy,I'm a Thug,254400,0.933
Travis,Sing,228800,0.33
JAY,Izzo,240626,0.618
Gabrielle,Out Of Reach,196986,0.51
OPM,Heaven Is a Halfpipe,257426,0.743
K,Crazy,262773,0.68
Staind,It's Been Awhile,264706,0.509
3LW,No More,263440,0.721
Ginuwine,Differences,265533,0.562
*NSYNC,Gone,292000,0.699
Lifehouse,Hanging By A Moment,216360,0.537
Nelly,Dilemma,289160,0.727
Eminem,Without Me,290320,0.908
Avril Lavigne,Complicated,244506,0.585
Vanessa Carlton,A Thousand Miles,237493,0.56
The Calling,Wherever You Will Go,208600,0.558
Shakira,Underneath Your Clothes,224066,0.616
No Doubt,Underneath It All,302720,0.729
Truth Hurts,Addictive,226440,0.701
Busta Rhymes,I Know What You Want,324306,0.648
Eminem,'Till I Collapse,297786,0.548
Diddy,I Need a Girl,285586,0.713
Christina Milian,When You Look At Me,222546,0.955
Madonna,Die Another Day,276360,0.792
Jennifer Lopez,I'm Gonna Be Alright,172240,0.718
Angie Martinez,If I Could Go!,244466,0.583
Linkin Park,In the End,216880,0.556
Las Ketchup,The Ketchup Song,213973,0.607
Aaliyah,Rock The Boat,275026,0.641
Holly Valance,Kiss Kiss,204400,0.705
Sugababes,Round Round,236426,0.74
Marilyn Manson,Tainted Love,200426,0.622
Brandy,What About Us?,253200,0.686
Chad Kroeger,Hero,200480,0.427
Britney Spears,Overprotected,198600,0.682
Scooter,The Logical Song,234116,0.527
Missy Elliott,4 My People,289373,0.969
Aaliyah,More Than A Woman,230346,0.646
Brandy,Full Moon,248933,0.611
Blue,One Love,207186,0.683
Busta Rhymes,Pass The Courvoisier Part II,238600,0.697
Celine Dion,A New Day Has Come,259773,0.574
Scooter,Nessaja,208449,0.486
Eve,Gangsta Lovin',239266,0.723
Disturbing Tha Peace,Move Bitch,272293,0.777
Khia,My Neck - My Back,222560,0.859
Tweet,Oops,237800,0.66
Kylie Minogue,Spinning Around,207866,0.761
Nelly,Hot In Herre,228240,0.956
Gareth Gates,Anyone of Us,227866,0.7
Christina Aguilera,Dirrty,298853,0.64
B2K,Uh Huh,223293,0.855
Sugababes,Freak Like Me,195866,0.517
Dirty Vegas,Days Go By,432146,0.786
Fat Joe,What's Luv?,267093,0.835
Liberty X,Just A Little,237359,0.786
No Doubt,Hella Good,242586,0.771
LL Cool J,Luv U Better,287000,0.668
Red Hot Chili Peppers,Can't Stop,269000,0.618
Musiq Soulchild,Halfcrazy,254493,0.412
Sean Paul,Gimme the Light,228000,0.778
Faith Evans,I Love You,267160,0.489
Charli Baltimore,Down 4 U,318213,0.64
Kylie Minogue,Love at First Sight,238266,0.603
N.O.R.E.,Nothin',264653,0.791
Gareth Gates,Unchained Melody,233666,0.368
Diddy,I Need a Girl,268800,0.66
Big Brovaz,Nu Flow,201480,0.783
No Doubt,Hey Baby,207040,0.705
Ashanti,Baby,265706,0.567
Sophie Ellis,Murder On The Dancefloor,230013,0.734
Justin Timberlake,Like I Love You,283626,0.853
Mary J. Blige,Rainy Dayz,276373,0.412
A1,Caught in the Middle,206466,0.519
Eminem,Cleanin' Out My Closet,297840,0.908
Ashanti,Happy,262226,0.727
Delta Goodrem,Born to Try,251280,0.542
P!nk,Get the Party Started,192533,0.802
Alicia Keys,A Woman's Worth,303333,0.652
Daniel Bedingfield,Gotta Get Thru This,161240,0.838
Coldplay,Clocks,307879,0.577
Missy Elliott,Work It,263226,0.884
Ronan Keating,If Tomorrow Never Comes,214306,0.555
Big Tymers,Still Fly,335613,0.675
Creed,My Sacrifice,294600,0.32
Ja Rule,Always On Time,245133,0.839
Ashanti,Foolish,227386,0.665
Avril Lavigne,Sk8er Boi,204000,0.487
DJ Sammy,Heaven,233600,0.571
Britney Spears,I'm Not a Girl - Not Yet a Woman,231066,0.534
Camron,Oh Boy,204706,0.754
Red Hot Chili Peppers,By the Way,216933,0.451
Elvis Presley,A Little Less Conversation,211506,0.597
Atomic Kitten,The Tide Is High,206093,0.783
*NSYNC,Girlfriend,253600,0.745
Robbie Williams,Somethin' Stupid,170493,0.654
Alanis Morissette,Hands Clean,269400,0.513
Usher,U Don't Have to Call,269400,0.793
Creed,One Last Breath,242000,0.38
The Goo Goo Dolls,Here Is Gone,238173,0.338
Puddle Of Mudd,She Hates Me,216760,0.58
Ludacris,Rollout,296586,0.921
Blazin' Squad,Crossroads,188693,0.661
Default,Wasting My Time,268693,0.443
Michelle Branch,All You Wanted,217680,0.499
Daniel Bedingfield,If You're Not The One,257026,0.688
Enrique Iglesias,Escape,208626,0.776
Puddle Of Mudd,Blurry,303920,0.432
Coldplay,In My Place,226680,0.424
Outkast,The Whole World,295346,0.814
P!nk,Don't Let Me Get Me,210693,0.624
50 Cent,In Da Club,193466,0.899
Sean Paul,Get Busy,211666,0.735
Eminem,Lose Yourself,322226,0.686
Beyonce,Crazy In Love,236133,0.646
Counting Crows,Big Yellow Taxi,225426,0.669
Black Eyed Peas,Where Is The Love?,272533,0.835
Jennifer Lopez,Jenny from the Block,187840,0.845
Black Eyed Peas,Shut Up,296186,0.81
t.A.T.u.,All The Things She Said,214440,0.527
Benny Benassi,Satisfaction,285570,0.793
Busta Rhymes,I Know What You Want,324306,0.648
Panjabi MC,Mundian to Bach Ke,244666,0.778
Mis,Scandalous,238840,0.734
JAY,03' Bonnie & Clyde,205560,0.759
50 Cent,P.I.M.P.,249480,0.712
Jamelia,Superstar,215480,0.801
Linkin Park,Faint,162600,0.554
DMX,X Gon' Give It To Ya,217586,0.761
Evanescence,Bring Me To Life,235893,0.331
Sugababes,Hole In The Head,218173,0.785
Craig David,Rise & Fall,287226,0.405
Three Days Grace,I Hate Everything About You,231480,0.498
Lil Jon & The East Side Boyz,Get Low,324600,0.78
B2K,Bump - Bump - Bump,282773,0.835
Baby Bash,Suga Suga,239026,0.662
Aaliyah,Miss You,245240,0.602
Britney Spears,Me Against the Music,223773,0.804
Blue,Sorry Seems To Be The Hardest Word,210066,0.564
Delta Goodrem,Lost Without You,248546,0.581
Justin Timberlake,Rock Your Body,267266,0.892
The White Stripes,Seven Nation Army,231920,0.741
Youngbloodz,Damn!,298600,0.772
Beyonce,Baby Boy,244826,0.655
Lil' Kim,Magic Stick,359973,0.849
Christina Aguilera,Can't Hold Us Down,255266,0.859
Nickelback,Someday,207466,0.455
Blue,U Make Me Wanna,222400,0.6
Ashanti,Rain On Me,297960,0.606
Trapt,Headstrong,285569,0.492
Simply Red,Sunrise,199040,0.791
Lumidee,Never Leave You,184906,0.811
Girls Aloud,Sound Of The Underground,221426,0.568
Nelly,Shake Ya Tailfeather,293666,0.527
Room 5,Make Luv,212413,0.883
Fatman Scoop,Be Faithful,164506,0.649
Limp Bizkit,Behind Blue Eyes,269973,0.595
Sugababes,Too Lost In You,237693,0.586
50 Cent,Wanksta,219400,0.802
Pharrell Williams,Frontin',236506,0.894
Chingy,Right Thurr,250746,0.866
Eminem,Sing For The Moment,339546,0.668
Lil' Kim,The Jump Off,234800,0.853
Maya,My Love Is Like...Wo,209533,0.831
50 Cent,21 Questions,224440,0.646
Nelly,Air Force Ones,304000,0.784
Missy Elliott,Gossip Folks,234893,0.707
Girls Aloud,Jump,220360,0.658
Ultrabeat,Pretty Green Eyes,201920,0.553
Christina Aguilera,Fighter,245960,0.435
Frankie J,Don't Wanna Try,245293,0.655
Snoop Dogg,Beautiful,299146,0.893
Floetry,Say Yes,268373,0.747
Ginuwine,In Those Jeans,243306,0.691
Electric Six,Danger! High Voltage,214600,0.66
Rachel Stevens,Sweet Dreams My LA Ex,208386,0.85
Ludacris,Stand Up,213760,0.751
Nas,I Can,253720,0.837
3 Doors Down,When I'm Gone,260333,0.53
Tyrese,How You Gonna Act Like That,294693,0.733
Justin Timberlake,Cry Me a River,288333,0.624
Westlife,Mandy,199320,0.447
No Doubt,It's My Life,226053,0.612
Amanda Perez,Angel,218760,0.638
JAY,Excuse Me Miss,281240,0.714
Coldplay,Clocks,307879,0.577
Kelly Rowland,Stole,249293,0.649
Missy Elliott,Work It,263226,0.884
Ashanti,Rock Wit U,209120,0.71
Junior Senior,Move Your Feet,181826,0.747
Audioslave,Like a Stone,293960,0.614
Sean Paul,Like Glue,232506,0.757
Jaheim,Put That Woman First,245773,0.649
Jennifer Lopez,All I Have,254466,0.701
Monica,So Gone,242773,0.618
Dido,White Flag,240040,0.512
The Roots,The Seed,267933,0.758
Chingy,Holidae In,314400,0.81
Fabolous,Can't Let You Go,223973,0.646
Kelly Clarkson,Miss Independent,214773,0.656
Ja Rule,Mesmerize,278693,0.769
Matchbox Twenty,Unwell,228706,0.256
Outkast,The Way You Move,234000,0.871
Fabolous,Into You,295773,0.546
Switchfoot,Meant to Live,201373,0.397
Daniel Bedingfield,If You're Not The One,257026,0.688
Good Charlotte,Lifestyles of the Rich & Famous,190173,0.62
Wayne Wonder,No Letting Go,202013,0.496
The Strokes,Reptilia,219826,0.489
Avril Lavigne,I'm with You,223066,0.457
Will Young,Leave Right Now,214733,0.641
Usher,Yeah!,250373,0.894
Maroon 5,This Love,206200,0.712
Britney Spears,Toxic,198800,0.774
Outkast,Hey Ya!,235213,0.727
Hoobastank,The Reason,232800,0.472
Anastacia,Left Outside Alone,257426,0.663
Daddy Yankee,Gasolina,192600,0.857
Black Eyed Peas,Let's Get It Started,217733,0.785
O'Zone,Dragostea Din Tei,215431,0.809
Terror Squad,Lean Back,247426,0.783
Anastacia,Sick and Tired,212266,0.598
Gwen Stefani,What You Waiting For?,221226,0.676
Ashanti,Only U,186306,0.601
The Rasmus,In the Shadows,257920,0.6
Houston,I Like That,236520,0.797
Beyonce,Naughty Girl,208600,0.735
Linkin Park,Numb,185586,0.496
Lloyd Banks,On Fire,187280,0.759
Akon,Locked Up,235066,0.818
D12,My Band,298773,0.851
Jay Sean,Eyes On You,190493,0.802
Mario Winans,I Don't Wanna Know,257333,0.833
Destiny's Child,Lose My Breath,242013,0.814
Eric Prydz,Call on Me,171360,0.597
Ciara,Goodies,223000,0.826
Kelis,Trick Me,206106,0.97
LL Cool J,Headsprung,267320,0.718
Spiderbait,Black Betty,205973,0.562
George Michael,Amazing,265826,0.805
Britney Spears,My Prerogative,213893,0.749
Nina Sky,Move Ya Body,232000,0.87
Baby Bash,Suga Suga,239026,0.662
Petey Pablo,Freek,235186,0.737
JAY,Dirt Off Your Shoulder,245173,0.779
Juanes,La Camisa Negra,216706,0.751
Avril Lavigne,Nobody's Home,212413,0.348
Robbie Williams,Radio,233600,0.607
Black Eyed Peas,Hey Mama,214893,0.86
Ying Yang Twins,Salt Shaker,252440,0.884
Enrique Iglesias,Not In Love,223133,0.762
Kelis,Milkshake,182626,0.881
Linkin Park,Breaking the Habit,196906,0.579
JoJo,Leave,242746,0.656
Christina Milian,Dip It Low,197186,0.752
Avant,Read Your Mind,263506,0.755
Eminem,Just Lose It,248680,0.94
Sugababes,Too Lost In You,237693,0.586
Snoop Dogg,Drop It Like It's Hot,266066,0.892
Sean Paul,I'm Still in Love with You,273360,0.765
The Shapeshifters,Lola's Theme,207066,0.748
D12,How Come,249533,0.745
Basement Jaxx,Good Luck,282306,0.571
Kevin Lyttle,Turn Me On,192106,0.677
Chingy,One Call Away,276800,0.765
T.I.,Bring Em Out,216706,0.759
DJ Casper,Cha Cha Slide,222146,0.853
Kylie Minogue,I Believe in You,200973,0.548
Twista,Overnight Celebrity,233360,0.828
N.E.R.D,She Wants To Move,213786,0.766
Britney Spears,Everytime,230306,0.398
U2,Vertigo,193520,0.416
Franz Ferdinand,Take Me Out,237026,0.277
J,Tipsy,247106,0.925
G,Wanna Get To Know You,265026,0.513
Lil' Flip,Sunshine,225173,0.814
Kanye West,Jesus Walks,193733,0.637
Evanescence,My Immortal,262533,0.19
Nelly,My Place,336506,0.6
Lemar,If There's Any Justice,229080,0.706
No Doubt,It's My Life,226053,0.612
Avril Lavigne,Don't Tell Me,202013,0.523
Twista,Slow Jamz,316053,0.559
Green Day,American Idiot,176346,0.38
Kelis,Millionaire,224933,0.68
Scissor Sisters,Comfortably Numb,266040,0.803
Alicia Keys,Diary,284160,0.663
Kanye West,Through The Wire,221226,0.571
Special D.,Come With Me,185133,0.739
Ludacris,Splash Waterfalls,290760,0.734
Avril Lavigne,My Happy Ending,242413,0.414
Dido,White Flag,240040,0.512
Eamon,Fuck It,225106,0.828
Beyonce,Me - Myself and I,301133,0.75
3 Doors Down,Here Without You,238733,0.557
Kanye West,All Falls Down,223506,0.657
Twista,Sunshine,226013,0.926
Katie Melua,The Closest Thing to Crazy,252466,0.562
Usher,My Boo,223440,0.662
Lloyd,Southside,277840,0.688
LMC,Take Me To The Clouds Above,171546,0.668
The Streets,Fit but You Know It,254266,0.68
JUVENILE,Slow Motion,248200,0.713
Outkast,The Way You Move,234000,0.871
Girls Aloud,Love Machine,205360,0.663
Jessica Simpson,With You,191826,0.553
Eminem,Like Toy Soldiers,296880,0.52
Gary Jules,Mad World,189506,0.345
Ashlee Simpson,Pieces Of Me,217440,0.505
Will Young,Leave Right Now,214733,0.641
Alicia Keys,You Don't Know My Name,366733,0.264
Mariah Carey,We Belong Together,201400,0.84
Mario,Let Me Love You,256733,0.656
Kanye West,Gold Digger,207626,0.629
Rihanna,Pon de Replay,246960,0.779
50 Cent,Candy Shop,209106,0.614
James Blunt,You're Beautiful,209493,0.675
Green Day,Boulevard of Broken Dreams,261266,0.49
The Pussycat Dolls,Don't Cha,272080,0.875
Daniel Powter,Bad Day,233640,0.599
Akon,Bananza,238493,0.878
Madonna,Hung Up,337733,0.649
50 Cent,Just A Lil Bit,237706,0.489
Crazy Frog,Axel F,168879,0.86
Eminem,Ass Like That,265480,0.646
Sean Paul,We Be Burnin',213066,0.95
Gwen Stefani,Rich Girl,236213,0.856
The Chemical Brothers,Galvanize,393813,0.745
Fort Minor,Remember the Name,230493,0.688
50 Cent,Disco Inferno,214226,0.925
The Game,How We Do,235533,0.862
Chris Brown,Run It!,229866,0.846
Mariah Carey,It's Like That,203360,0.8
Black Eyed Peas,My Humps,326960,0.802
Ciara,Oh,256346,0.8
50 Cent,Outta Control,247506,0.772
Baby Bash,Baby - I'm Back,219920,0.899
Jennifer Lopez,Get Right,225533,0.741
JAY,Numb / Encore,205733,0.687
The Game,Hate It Or Love It,206400,0.802
Gorillaz,Feel Good Inc.,222640,0.818
Black Eyed Peas,Don't Phunk With My Heart,239773,0.69
Akon,Lonely,235800,0.629
Bodyrockers,I Like The Way,200053,0.642
Sugababes,Push The Button,218093,0.962
Jeezy,Soul Survivor,280013,0.684
Eminem,Mockingbird,250760,0.637
Shakira,La Tortura,212893,0.74
Gorillaz,DARE,244999,0.76
Snoop Dogg,Signs,236813,0.94
Robbie Williams,Tripping,276603,0.666
David Banner,Play,230133,0.837
Trillville,Some Cut,283454,0.9
D4L,Laffy Taffy,224253,0.891
Missy Elliott,Lose Control,226863,0.904
Rob Thomas,Lonely No More,226640,0.551
Brian McFadden,Almost Here,229826,0.561
Bobby V.,Slow Down,258666,0.568
Backstreet Boys,Incomplete,239586,0.437
Pretty Ricky,Grind With Me,237733,0.7
Kanye West,Diamonds From Sierra Leone,233400,0.672
Snoop Dogg,Drop It Like It's Hot,266066,0.892
Fat Joe,Get It Poppin',211320,0.905
Destiny's Child,Soldier,325573,0.878
Ciara,1 - 2 Step,202213,0.939
Amerie,1 Thing,238746,0.636
Ludacris,Get Back,270746,0.555
Franz Ferdinand,Do You Want To,215000,0.412
Natalie Imbruglia,Shiver,222653,0.489
Gwen Stefani,Hollaback Girl,199853,0.926
Pretty Ricky,Your Body,240040,0.838
Thirty Seconds To Mars,The Kill,231533,0.179
Alicia Keys,Karma,256000,0.727
2Pac,Ghetto Gospel,238053,0.794
Craig David,Don't Love You No More,243986,0.636
Katie Melua,Nine Million Bicycles,197160,0.534
Lil Jon & The East Side Boyz,Lovers And Friends,260600,0.675
Mariah Carey,Don't Forget About Us,233866,0.7
Ying Yang Twins,Wait,179160,0.933
Will Smith,Switch,197666,0.873
Bow Wow,Like You,205840,0.714
Kaiser Chiefs,Everyday I Love You Less And Less,217706,0.49
Kelly Clarkson,Behind These Hazel Eyes,198973,0.548
Black Eyed Peas,Don't Lie,219000,0.662
Westlife,You Raise Me Up,241066,0.129
Ray J,One Wish,337640,0.525
Papa Roach,Scars,208199,0.455
Arctic Monkeys,I Bet You Look Good On The Dancefloor,173680,0.535
Shayne Ward,That's My Goal,219600,0.286
Bow Wow,Let Me Hold You,248493,0.815
Kaiser Chiefs,I Predict A Riot,233186,0.395
Usher,Caught Up,224640,0.817
Kelly Clarkson,Because of You,219493,0.587
3 Doors Down,Let Me Go,243053,0.478
Nickelback,Photograph,258920,0.515
T,I'm Sprung,231040,0.722
Destiny's Child,Cater 2 U,245400,0.605
The Pussycat Dolls,Stickwitu,207506,0.548
Ryan Cabrera,TRUE,204173,0.598
Stereophonics,Dakota,297426,0.506
Eminem,Like Toy Soldiers,296880,0.52
Nelly,Over And Over,253933,0.644
Coldplay,Speed of Sound,287906,0.514
KT Tunstall,Suddenly I See,201706,0.587
Destiny's Child,Girl,224146,0.567
Kelly Clarkson,Since U Been Gone,188960,0.662
U2,Sometimes You Can't Make It On Your Own,305080,0.53
The All,Dirty Little Secret,193653,0.469
Toby Keith,As Good As I Once Was,227840,0.68
Gwen Stefani,Cool,189333,0.709
Foo Fighters,Best of You,255626,0.366
Shakira,Hips Don't Lie,218093,0.778
Sean Paul,Temperature,218573,0.951
Justin Timberlake,SexyBack,242733,0.967
Beyonce,Irreplaceable,227853,0.447
Amy Winehouse,Rehab,214946,0.407
Rihanna,SOS,238920,0.677
Gnarls Barkley,Crazy,177466,0.855
Busta Rhymes,Touch It,214960,0.658
Nelly Furtado,Maneater,258893,0.796
Bob Sinclar,Rock This Party,245466,0.893
Diddy,Come to Me,276786,0.819
Madonna,Sorry,281880,0.589
Chamillionaire,Ridin',303053,0.787
Black Eyed Peas,Pump It,213066,0.648
Nelly Furtado,Promiscuous,242293,0.808
Fedde Le Grand,Put Your Hands Up for Detroit,150533,0.814
Sean Paul, Give It Up to Me,243880,0.711
The Pussycat Dolls,Buttons,225560,0.565
Ciara,Get Up,261880,0.964
Eminem,Shake That,274440,0.963
Cherish,Do It To It,226293,0.826
Muse,Supermassive Black Hole,212439,0.668
Chris Brown,Gimme That,186826,0.678
Infernal,From Paris to Berlin,209666,0.741
Cassie,Me & U,192213,0.803
E,U and Dat,202720,0.858
The Pussycat Dolls,Beep,229360,0.938
Lil Jon,Snap Yo Fingers,274386,0.835
Armand Van Helden,My My My,190000,0.678
The Notorious B.I.G.,Nasty Girl,286186,0.833
Yung Joc,It's Goin' Down,241840,0.888
Shayne Ward,No Promises,223066,0.5
Justin Timberlake,My Love,276160,0.771
Nickelback,Savin' Me,219320,0.441
Nelly,Grillz,271160,0.867
Take That,Patience,202066,0.309
Fergie,London Bridge,241306,0.769
Cascada,Everytime We Touch,199120,0.64
D4L,Laffy Taffy,224253,0.891
LL Cool J,Control Myself,233973,0.825
Beyonce,Deja Vu,240280,0.644
P!nk,Stupid Girls,197173,0.683
Eminem,When I'm Gone,281320,0.618
Kelis,Bossy,273973,0.906
Bob Sinclar,Love Generation,207613,0.715
Meck,Thunder in My Heart Again,189800,0.679
Mary J. Blige,Be Without You,246333,0.726
Girls Aloud,Something Kinda Ooooh,201590,0.681
Rihanna,Unfaithful,226973,0.588
Kanye West,Touch The Sky,236600,0.552
Dem Franchize Boyz,Lean Wit It - Rock Wit It,229813,0.886
Evanescence,Call Me When You're Sober,214706,0.45
Chingy,Pullin' Me Back,234133,0.786
Nickelback,Far Away,238173,0.518
Fall Out Boy,Dance - Dance,180266,0.622
Leona Lewis,A Moment Like This,257293,0.261
T.I.,What You Know,274333,0.551
Ludacris,Money Maker,230613,0.551
Nick Lachey,What's Left Of Me,244613,0.42
Jibbs,Chain Hang Low,207586,0.792
Arctic Monkeys,When The Sun Goes Down,202133,0.348
Rascal Flatts,Life is a Highway,276773,0.561
Beyonce,Check On It,211186,0.7
Keyshia Cole,Love,255333,0.688
Lily Allen,Smile,196893,0.632
Ne,Sexy Love,220853,0.693
JoJo,Too Little Too Late,223680,0.535
Mary J. Blige,One,260466,0.344
Bubba Sparxxx,Ms. New Booty,252653,0.64
Amy Winehouse,You Know I'm No Good,256946,0.705
Rascal Flatts,What Hurts The Most,214106,0.537
Red Hot Chili Peppers,Dani California,282160,0.556
Scissor Sisters,I Don't Feel Like Dancin',288360,0.707
Ne,So Sick,207186,0.452
Hinder,Lips Of An Angel,261053,0.474
The Raconteurs,Steady - As She Goes,215266,0.525
The Fratellis,Chelsea Dagger,215306,0.511
Fort Minor,Where'd You Go,231866,0.684
The Pussycat Dolls,Stickwitu,207506,0.548
Panic! At The Disco,I Write Sins Not Tragedies,185586,0.566
James Blunt,Goodbye My Lover,258653,0.432
Christina Aguilera,Ain't No Other Man,228906,0.862
Westlife,The Rose,219106,0.272
Keane,Is It Any Wonder?,186173,0.489
Orson,No Tomorrow,167493,0.656
T,I'm N Luv,265333,0.731
KT Tunstall,Black Horse And The Cherry Tree,172373,0.748
Natasha Bedingfield,Unwritten,259333,0.706
Razorlight,America,249760,0.447
James Morrison,You Give Me Something,213173,0.559
Snow Patrol,You're All I Have,273333,0.467
The Fray,How to Save a Life,262533,0.64
Sandi Thom,I Wish I Was a Punk Rocker,151640,0.7
My Chemical Romance,Welcome to the Black Parade,311106,0.217
Razorlight,In The Morning,222453,0.616
The All,Dirty Little Secret,193653,0.469
James Morrison,Wonderful World,210066,0.474
Chris Brown,Yo,229040,0.536
P!nk,Who Knew,208493,0.688
The Kooks,Naive,203506,0.391
Leona Lewis,Bleeding Love,262466,0.638
Rihanna,Umbrella,275986,0.583
Britney Spears,Gimme More,251240,0.788
Fergie,Big Girls Don't Cry,268120,0.708
Mark Ronson,Valerie,219413,0.698
Plain White T's,Hey There Delilah,232533,0.656
Justin Timberlake,What Goes Around.../...Comes Around,448573,0.687
Gwen Stefani,The Sweet Escape,246466,0.756
Timbaland,The Way I Are,179120,0.731
Nelly Furtado,Say It Right,223080,0.872
Ida Corr,Let Me Think About It,151973,0.762
Alex Gaudino,Destination Calabria,223111,0.627
September,Cry for You,209800,0.767
Akon,Smack That,212360,0.94
Timbaland,Give It To Me,234026,0.975
50 Cent,Ayo Technology,247946,0.63
Eric Prydz,Proper Education,198567,0.537
Fedde Le Grand,Put Your Hands Up For Detroit,150533,0.827
Ciara,Like a Boy,237053,0.701
Kanye West,Stronger,311866,0.617
Beyonce,Beautiful Liar,199853,0.764
Gym Class Heroes,Breakfast in America,237173,0.584
Akon,I Wanna Love You,247066,0.865
Soulja Boy,Crank That,221933,0.736
Fat Joe,Make It Rain,247413,0.744
P!nk,U + Ur Hand,214386,0.709
Rihanna,Shut Up And Drive,212280,0.735
Lloyd,Get It Shawty,209533,0.822
Kanye West,Can't Tell Me Nothing,271600,0.596
Camille Jones,The Creeps,152333,0.847
Linkin Park,What I've Done,205613,0.623
Keyshia Cole,Last Night,255706,0.918
Chris Brown,Kiss Kiss,250666,0.729
Shop Boyz,Party Like A Rock Star,253400,0.619
Finger Eleven,Paralyzer,208106,0.644
Justin Timberlake,Summer Love,252973,0.606
MiMS,This Is Why I'm Hot,253706,0.621
Fabolous,Make Me Better,253573,0.607
Seether,Fake It,193893,0.611
Take That,Patience,202066,0.309
Arctic Monkeys,Brianstorm,172866,0.42
Justin Timberlake,My Love,276160,0.771
Fergie,Glamorous,246600,0.811
Linkin Park,Bleed It Out,166373,0.529
My Chemical Romance,Teenagers,161920,0.463
Calvin Harris,Acceptable in the 80's,333680,0.787
Sugababes,About You Now,212400,0.584
Avril Lavigne,Girlfriend,216600,0.56
Ne,Because Of You,266840,0.81
Daughtry,It's Not Over,215173,0.45
Unk,Walk It Out,173040,0.794
Lloyd,You,273133,0.412
Klaxons,Golden Skans,165120,0.463
T,Bartender,238800,0.675
Baby Boy Da Prince,The Way I Live,324906,0.88
Fergie,Fergalicious,292373,0.906
Omarion,Ice Box,256426,0.775
Pretty Ricky,On the Hotline,242586,0.704
Nickelback,Rockstar,252040,0.616
Fall Out Boy,Thnks fr th Mmrs,203506,0.459
Justin Timberlake,LoveStoned,444333,0.859
All Time Low,Dear Maria - Count Me In,182826,0.459
Amy Winehouse,Back To Black,241293,0.403
Keyshia Cole,Let It Go,238360,0.808
Ciara,Promise,267413,0.697
Enrique Iglesias,Do You Know?,219533,0.753
T2,Heartbroken,178613,0.716
Robyn,With Every Heartbeat,254920,0.477
Maroon 5,Makes Me Wonder,211080,0.803
Fall Out Boy,This Ain't A Scene - It's An Arms Race,212040,0.435
Paramore,Misery Business,211520,0.517
Hinder,Better Than Me,223533,0.451
Huey,Pop - Lock & Drop It,261026,0.723
Foo Fighters,The Pretender,269373,0.433
Plies,Shawty,255413,0.444
Kaiser Chiefs,Ruby,204200,0.451
Mark Ronson,Stop Me,232946,0.626
Bow Wow,Outta My System,238266,0.772
Jim Jones,We Fly High,236080,0.685
The Red Jumpsuit Apparatus,Face Down,192000,0.545
MIKA,Grace Kelly,187733,0.675
Christina Aguilera,Candyman,194213,0.686
Sean Kingston,Beautiful Girls,225373,0.762
Akon,Don't Matter,293066,0.801
James Blunt,1973,280026,0.72
Carrie Underwood,Before He Cheats,199946,0.519
Just Jack,Starz In Their Eyes,295933,0.67
T,Buy U a Drank,227960,0.451
Bone Thugs,I Tried,287480,0.727
Avril Lavigne,When You're Gone,240493,0.457
Rich Boy,Throw Some D's,263920,0.697
MIKA,Love Today,235173,0.673
Manic Street Preachers,Your Love Alone Is Not Enough,235693,0.344
Elliott Yamin,Wait for You,261320,0.764
Wyclef Jean,Sweetest Girl,241133,0.733
Boys Like Girls,The Great Escape,206520,0.423
Take That,Rule The World,237760,0.357
J. Holiday,Bed,275106,0.684
Red Hot Chili Peppers,Snow,334666,0.427
Ludacris,Runaway Love,280680,0.405
Flo Rida,Low,231400,0.918
Katy Perry,I Kissed A Girl,179640,0.699
Rihanna,Take A Bow,229413,0.697
Alicia Keys,No One,253813,0.644
Timbaland,Apologize,184400,0.653
Ne,Miss Independent,232000,0.668
Chris Brown,With You,252120,0.662
Beyonce,If I Were a Boy,249146,0.632
Kardinal Offishall,Dangerous,246053,0.949
Madcon,Beggin,216146,0.715
September,Cry for You,209800,0.767
Rihanna,Disturbia,238626,0.707
Guru Josh Project,Infinity 2008,190013,0.493
Britney Spears,Break the Ice,196053,0.712
Lil Wayne,Lollipop,299333,0.829
Basshunter,Now You're Gone,148186,0.639
Kanye West,Flashing Lights,237506,0.639
Madonna,4 Minutes,189693,0.753
Katy Perry,Hot N Cold,220226,0.706
Rihanna,Don't Stop The Music,267080,0.835
Snoop Dogg,Sensual Seduction,245520,0.756
Akon,Right Now,240746,0.83
Britney Spears,Womanizer,224400,0.724
Eric Prydz,Pjanoo,157432,0.605
Kelly Rowland,Work,207920,0.888
Jeezy,Put On,321293,0.654
Madonna,Give It 2 Me,287906,0.837
The Pussycat Dolls,When I Grow Up,245680,0.671
will.i.am,Heartbreaker,327880,0.788
Soulja Boy,Crank That,221933,0.736
Britney Spears,Piece of Me,212106,0.769
T.I.,Live Your Life,338853,0.375
Ne,Closer,234360,0.709
Lil Wayne,A Milli,221840,0.674
Colby O'Donis,What You Got,243013,0.775
Miley Cyrus,See You Again,190453,0.692
Basshunter,All I Ever Wanted,176453,0.645
Chris Brown,Kiss Kiss,250666,0.729
Finger Eleven,Paralyzer,208106,0.644
Alesha Dixon,The Boy Does Nothing,210680,0.632
Dizzee Rascal,Dance Wiv Me,204093,0.878
Gabriella Cilmi,Sweet About Me,202133,0.671
Jack White,Another Way to Die,262240,0.486
Plies,Hypnotized,188493,0.84
The Pussycat Dolls,I Hate This Part,218400,0.756
Sean Kingston,Take You There,236693,0.752
Natasha Bedingfield,Pocketful of Sunshine,203440,0.726
The Offspring,You're Gonna Go Far - Kid,177826,0.55
Kanye West,Homecoming,203493,0.667
Estelle,American Boy,284733,0.727
Saving Abel,Addicted,222826,0.512
Pendulum,Propane Nightmares,313346,0.356
The Game,My Life,320893,0.673
Danity Kane,Damaged,244266,0.774
P!nk,So What,215160,0.534
Kanye West,Love Lockdown,270306,0.76
Gym Class Heroes,Cookie Jar,216317,0.687
M.I.A.,Paper Planes,205200,0.447
3 Doors Down,It's Not My Time,241960,0.529
Kylie Minogue,Wow,190973,0.654
Mariah Carey,Touch My Body,204733,0.715
MGMT,Kids,302840,0.451
The Ting Tings,Shut Up and Let Me Go,171226,0.852
Lil Wayne,Got Money,244626,0.694
Santana,Into the Night,222440,0.595
The,I Luv Your Girl,267866,0.723
Wiley,Wearing My Rolex,170480,0.876
Usher,Love in This Club,259720,0.573
Sam Sparro,Black & Gold,212360,0.383
H two O,What's It Gonna Be,207476,0.733
The Ting Tings,That's Not My Name,310573,0.755
Plies,Bust It Baby - Pt. 2,240760,0.648
James Morrison,Broken Strings,250453,0.57
Leona Lewis,Run,314720,0.285
Metro Station,Shake It,179946,0.618
T.I.,Whatever You Like,249533,0.68
Trey Songz,Can't Help but Wait,206413,0.699
OneRepublic,Stop And Stare,223853,0.492
Alexandra Burke,Hallelujah,217826,0.177
Mary J. Blige,Just Fine,242133,0.923
Jordin Sparks,One Step At a Time,205160,0.766
Coldplay,Viva La Vida,242373,0.486
Kings of Leon,Sex on Fire,203346,0.542
Kanye West,Good Life,207000,0.439
Duffy,Mercy,219920,0.793
David Archuleta,Crush,213520,0.57
J. Holiday,Suffocate,220053,0.458
Gavin DeGraw,In Love With a Girl,206000,0.438
Jordin Sparks,Tattoo,233466,0.566
Coldplay,Violet Hill,222653,0.33
Ray J,Sexy Can I feat. Yung Berg,204040,0.575
Jennifer Hudson,Spotlight,250106,0.707
John Legend,Green Light,284186,0.622
Jonas Brothers,Burnin' Up,175093,0.667
Lupe Fiasco,Superstar,289000,0.572
Chris Brown,Forever,278573,0.672
Adele,Chasing Pavements,210506,0.614
Leona Lewis,Better in Time,234173,0.584
Fergie,Clumsy,240426,0.731
T,Can't Believe It,273826,0.648
Black Eyed Peas,I Gotta Feeling,289133,0.743
Lady Gaga,Poker Face,237200,0.851
Beyonce,Halo,261640,0.508
David Guetta,Sexy Bitch,195853,0.813
Flo Rida,Right Round,204640,0.72
Taylor Swift,Love Story,236266,0.617
Pitbull,Hotel Room Service,238506,0.849
Britney Spears,Circus,192360,0.791
Lady Gaga,LoveGame,216333,0.894
Skillet,Monster,178013,0.64
The Prodigy,Omen,216026,0.545
Black Eyed Peas,Meet Me Halfway,284373,0.798
Kanye West,Heartless,211000,0.79
Kid Cudi,Day 'N' Nite,221240,0.88
Lady Gaga,Just Dance,241933,0.822
Britney Spears,If U Seek Amy,216520,0.717
Pitbull,I Know You Want Me,237120,0.825
Mariah Carey,Obsessed,242200,0.742
Beyonce,Sweet Dreams,208066,0.694
Agnes,Release Me,256213,0.621
Black Eyed Peas,Boom Boom Pow,251440,0.867
Shakira,She Wolf,188866,0.865
Lady Gaga,Paparazzi,208306,0.762
JAY,Empire State Of Mind,276920,0.491
OneRepublic,All The Right Moves,238000,0.529
Jeremih,Birthday Sex,226506,0.677
Cascada,Evacuate The Dancefloor,207200,0.762
Linkin Park,New Divide,268613,0.493
Kevin Rudolf,Let It Rock,231173,0.607
JAY,Run This Town,267520,0.632
Lady Gaga,Bad Romance,294573,0.696
T.I.,Live Your Life,338853,0.375
Eminem,We Made You,269613,0.924
Dizzee Rascal,Bonkers,177573,0.624
Ciara,Love Sex Magic,220426,0.893
Rihanna,Russian Roulette,227533,0.48
Soulja Boy,Turn My Swag On,206333,0.546
The xx,Intro,127920,0.617
Jay Sean,Down,212106,0.657
Keri Hilson,Turnin Me On,248066,0.661
David Guetta,When Love Takes Over,191000,0.675
Cheryl,Fight For This Love,223253,0.739
Soulja Boy,Kiss Me Thru The Phone,193386,0.758
Eminem,Crack A Bottle,297520,0.516
P!nk,Sober,251440,0.614
Tinchy Stryder,Number 1,212773,0.581
Pixie Lott,Mama Do,196520,0.451
JLS,Beat Again,196640,0.894
3OH!3,DONTTRUSTME,192573,0.791
A.R. Rahman,Jai Ho!,222400,0.657
The Pussycat Dolls,I Hate This Part,218400,0.756
Akon,Beautiful,312986,0.74
Alexandra Burke,Bad Boys,206480,0.67
Mario,Break Up,249026,0.44
Drake,Forever,357706,0.457
Selena Gomez & The Scene,Naturally,202586,0.605
Kanye West,Love Lockdown,270306,0.76
The Veronicas,Untouched,255360,0.557
Fabolous,Throw It In The Bag,231573,0.789
Jason Derulo,Whatcha Say,221253,0.615
Lily Allen,Not Fair,201213,0.719
T.I.,Dead And Gone,299746,0.713
Sean Kingston,Fire Burning,239986,0.839
Empire of the Sun,Walking On A Dream,198440,0.871
Cobra Starship,Good Girls Go Bad,196413,0.594
Nickelback,If Today Was Your Last Day,249066,0.485
La Roux,Bulletproof,205733,0.674
Kasabian,Fire,252279,0.525
Calvin Harris,I'm Not Alone,210973,0.597
Justin Bieber,One Time,215866,0.691
Jamie Foxx,Blame It,289746,0.673
La Roux,In For The Kill,248626,0.629
Muse,Uprising,304840,0.602
Nickelback,Gotta Be Somebody,252653,0.536
James Morrison,Broken Strings,250453,0.57
T.I.,Whatever You Like,249533,0.68
Dizzee Rascal,Holiday,220626,0.545
Beyonce,Single Ladies,193213,0.426
Boys Like Girls,Love Drunk,226706,0.44
The,Rockin' That Shit,221920,0.672
OneRepublic,Secrets,224693,0.516
JLS,Everybody in Love,195586,0.705
Jason Aldean,Big Green Tractor,204200,0.616
The Fray,Never Say Never,256613,0.23
Lily Allen,The Fear,207120,0.661
Kings of Leon,Sex on Fire,203346,0.542
Drake,Best I Ever Had,258760,0.431
Kelly Clarkson,Already Gone,281560,0.209
Miley Cyrus,Party In The U.S.A.,202066,0.652
Jordin Sparks,Battlefield,241920,0.613
Ne,Mad,254533,0.731
Green Day,21 Guns,321093,0.268
Keri Hilson,Knock You Down,326186,0.588
Taylor Swift,You Belong With Me,231146,0.687
Shinedown,Second Chance,222066,0.46
Asher Roth,I Love College,241933,0.713
Katy Perry,Waking Up In Vegas,199186,0.524
Kelly Clarkson,My Life Would Suck Without You,211493,0.526
Mumford & Sons,Little Lion Man,245173,0.517
The Fray,You Found Me,241853,0.338
Bruno Mars,Just the Way You Are,220734,0.635
Eminem,Love The Way You Lie,263373,0.749
Lady Gaga,Bad Romance,294573,0.696
Stromae,Alors on danse,206066,0.791
Kesha,TiK ToK,199693,0.755
David Guetta,Memories,210853,0.546
Taio Cruz,Dynamite,202613,0.751
Rihanna,Only Girl,235493,0.789
Katy Perry,California Gurls,234653,0.791
Kesha,Take It Off,215200,0.729
INNA,Hot,217036,0.817
Far East Movement,Like A G6,216893,0.435
David Guetta,Gettin' Over You,188000,0.615
Duck Sauce,Barbra Streisand,196533,0.769
Lucenzo,Danza Kuduro,213986,0.622
Rihanna,Te Amo,208426,0.567
Timbaland,Carry Out,232466,0.531
DJ Fresh,Gold Dust,192446,0.451
Edward Maya,Stereo Love,184573,0.799
Taio Cruz,Break Your Heart,201546,0.607
Black Eyed Peas,Imma Be,257560,0.597
Sidney Samson,Riverside,320348,0.804
Eminem,Not Afraid,248133,0.855
Lady Gaga,Alejandro,274213,0.623
Rihanna,Rude Boy,222920,0.563
Ne,Beautiful Monster,251573,0.708
3OH!3,Starstrukk,203093,0.605
Black Eyed Peas,The Time,307640,0.816
Kelly Rowland,Commander,218106,0.395
Swedish House Mafia,One,163246,0.733
Chris Brown,Deuces,276560,0.692
Usher,DJ Got Us Fallin' In Love,220800,0.663
Iyaz,Replay,182306,0.706
Flo Rida,Club Can't Handle Me,234560,0.616
Sean Kingston,Eenie Meenie,201946,0.72
Waka Flocka Flame,No Hands,263773,0.76
Tinie Tempah,Written in the Stars,207653,0.656
Bruno Mars,Talking to the Moon,217866,0.498
Miley Cyrus,Can't Be Tamed,168213,0.63
Mike Posner,Cooler Than Me,213293,0.768
Lady Gaga,Telephone,220640,0.824
Yolanda Be Cool,We No Speak Americano,157438,0.901
Rihanna,Hard,250600,0.31
Tinie Tempah,Pass Out,268053,0.693
Adam Lambert,Whataya Want from Me,227320,0.438
Trey Songz,Bottoms Up,242013,0.845
Timbaland,If We Ever Meet Again,292706,0.652
Enrique Iglesias,I Like It,231373,0.648
Tim Berg,Seek Bromance,203960,0.515
Usher,OMG,269493,0.781
Maroon 5,Misery,216200,0.703
Jay Sean,Down,212106,0.657
Rihanna,Man Down,267000,0.47
3OH!3,My First Kiss,192440,0.682
Justin Bieber,Baby,214240,0.728
Cali Swag District,Teach Me How to Dougie,237480,0.846
Swedish House Mafia,Miami 2 Ibiza,206460,0.736
K'NAAN,Wavin' Flag,220520,0.625
Ludacris,How Low,201586,0.785
Kesha,Blah Blah Blah,172053,0.752
DJ Khaled,All I Do Is Win,232506,0.544
Jason Derulo,In My Head,199026,0.762
Aloe Blacc,I Need A Dollar,243053,0.84
B.o.B,Airplanes,180480,0.66
Ludacris,My Chick Bad,216933,0.624
Nelly,Just A Dream,237800,0.531
Rihanna,What's My Name?,263173,0.692
Shontelle,Impossible,226533,0.599
Take That,The Flood,289359,0.514
Trey Songz,Say Aah,207546,0.724
Jason Derulo,Whatcha Say,221253,0.615
Drake,Over,233560,0.325
Example,Kickstarts,181826,0.61
Plan B,She Said,208853,0.72
The Saturdays,Higher,207613,0.639
Jay Sean,Do You Remember,210306,0.855
Usher,Hey Daddy,224093,0.59
Lil Wayne,Right Above It,271946,0.376
The Wanted,All Time Low,205200,0.689
Kesha,Your Love Is My Drug,187133,0.826
Ellie Goulding,Starry Eyed,176613,0.504
Drake,Find Your Love,208946,0.625
Jason Derulo,Ridin' Solo,215746,0.442
Two Door Cinema Club,What You Know,189693,0.55
JAY,Young Forever,253906,0.637
Young Money,BedRock,288133,0.733
B.o.B,Nothin' on You,268320,0.688
Katy Perry,Teenage Dream,227741,0.719
Scouting For Girls,This Ain't a Love Song,210680,0.458
Travie McCoy,Billionaire,211160,0.633
Owl City,Fireflies,228346,0.512
Alicia Keys,Empire State of MindBroken Down,216480,0.484
Lady A,Need You Now,236440,0.581
Taylor Swift,Back To December,293026,0.529
Neon Trees,Animal,212306,0.482
Kris Allen,Live Like We're Dying,212506,0.589
Matt Cardle,When We Collide,226000,0.443
Robyn,Dancing On My Own,288670,0.687
The Band Perry,If I Die Young,222773,0.606
B.o.B,Magic,196133,0.549
Adele,Rolling in the Deep,228093,0.73
Maroon 5,Moves Like Jagger,201493,0.722
LMFAO,Party Rock Anthem,262146,0.751
Katy Perry,Firework,227893,0.638
Bruno Mars,Grenade,222091,0.704
Pitbull,Hey Baby,234453,0.595
Alexandra Stan,Mr. Saxobeat,195105,0.726
David Guetta,Who's That Chick?,201040,0.675
Jennifer Lopez,On The Floor,284866,0.73
Rihanna,S&M,243533,0.767
Kesha,Blow,219973,0.753
Snoop Dogg,Sweat,195986,0.813
Taio Cruz,Higher,187626,0.672
Usher,More,219986,0.551
Example,Changed the Way You Kiss Me,195466,0.578
Black Eyed Peas,Just Cant Get Enough,219426,0.659
David Guetta,Where Them Girls At,194840,0.666
Lykke Li,I Follow Rivers,281106,0.786
Pitbull,Give Me Everything,252306,0.671
Selena Gomez & The Scene,Love You Like A Love Song,188453,0.858
Wiz Khalifa,Black and Yellow,217666,0.684
Katy Perry,E.T.,229573,0.62
Britney Spears,I Wanna Go,210266,0.696
Gym Class Heroes,Stereo Hearts,210960,0.646
Edward Maya,Stereo Love,184573,0.799
Enrique Iglesias,Tonight,232213,0.648
Jeremih,Down On Me,228453,0.7
Sak Noel,Loca People,215624,0.926
Olly Murs,Heart Skips a Beat,202266,0.843
LMFAO,Sexy And I Know It,199480,0.707
Cobra Starship,You Make Me Feel...,215693,0.668
Jessie J,Do It Like A Dude,195240,0.663
DJ Fresh,Louder,206776,0.31
Waka Flocka Flame,No Hands,263773,0.76
Nickelback,When We Stand Together,190786,0.446
M83,Midnight City,243960,0.507
Britney Spears,Till the World Ends,237946,0.693
Labrinth,Earthquake,274600,0.54
Jason Derulo,Don't Wanna Go Home,206080,0.671
Coldplay,Paradise,278719,0.449
Katy Perry,Last Friday Night,230746,0.649
Adele,Set Fire to the Rain,242973,0.603
Dr. Dre,I Need A Doctor,283733,0.594
Lil Wayne,6 Foot 7 Foot,248586,0.364
DJ Khaled,I'm On One,296146,0.413
Chris Brown,Look At Me Now,222586,0.767
Far East Movement,Rocketeer,211253,0.664
The Wanted,Glad You Came,197935,0.722
Kesha,We R Who We R,204760,0.736
Kelly Rowland,Motivation,230560,0.744
Rihanna,We Found Love,215226,0.735
Nicole Scherzinger,Don't Hold Your Breath,197440,0.66
Mann,Buzzin Remix,224333,0.687
Chris Brown,Yeah 3x,241666,0.705
Swedish House Mafia,Save The World,213337,0.507
Kanye West,All Of The Lights,299613,0.531
Miguel,Sure Thing,195373,0.684
Diddy,Coming Home,238693,0.392
Rihanna,What's My Name?,263173,0.692
Chris Brown,Beautiful People,225881,0.415
Avril Lavigne,What the Hell,220706,0.578
Professor Green,Read All About It,235735,0.656
Chase & Status,Blind Faith,233666,0.45
Chip,Champion,237293,0.415
Selena Gomez & The Scene,Who Says,195613,0.682
Rizzle Kicks,Down With The Trumpets,186851,0.753
Lady Gaga,Born This Way,260253,0.587
Nicki Minaj,Super Bass,200013,0.72
Mac Miller,Donald Trump,165908,0.636
Calvin Harris,Bounce,222186,0.779
David Guetta,Without You,208133,0.608
Foster The People,Pumped Up Kicks,239600,0.733
Drake,Headlines,235986,0.636
Jessie J,Price Tag,223053,0.636
Jason Aldean,Dirt Road Anthem,229413,0.678
Wiz Khalifa,Roll Up,227773,0.523
OneRepublic,Good Life,253306,0.634
Bad Meets Evil,Lighters,303813,0.676
Bruno Mars,The Lazy Song,189109,0.794
Lupe Fiasco,The Show Goes On,239613,0.591
James Morrison,I Won't Let You Go,229303,0.537
Jason Derulo,It Girl,192200,0.668
Adele,Someone Like You,285240,0.554
Red Hot Chili Peppers,The Adventures of Rain Dance Maggie,282400,0.683
Keri Hilson,Pretty Girl Rock,243920,0.666
P!nk,F**kin' Perfect,213413,0.563
Blake Shelton,Honey Bee,210720,0.481
Lady Gaga,The Edge Of Glory,320546,0.583
Lady A,Just A Kiss,218840,0.593
Hot Chelle Rae,Tonight Tonight,200466,0.686
Grouplove,Tongue Tied,218013,0.56
Coldplay,Every Teardrop Is a Waterfall,240796,0.425
Beyonce,Best Thing I Never Had,253746,0.545
P!nk,Raise Your Glass,202960,0.7
Christina Perri,Jar of Hearts,246587,0.349
Bruno Mars,Marry You,230192,0.621
The Band Perry,If I Die Young,222773,0.606
Lil Wayne,How To Love,240306,0.644
Charlene Soraia,Wherever You Will Go,197577,0.597
Christina Perri,A Thousand Years,285120,0.421
Rihanna,We Found Love,215226,0.735
Carly Rae Jepsen,Call Me Maybe,193400,0.783
fun.,We Are Young,250626,0.378
Sean Paul,She Doesn't Mind,227786,0.718
Pitbull,International Love,227280,0.67
DEV,In The Dark,226226,0.736
Adele,Skyfall,286480,0.346
David Guetta,Turn Me On,199680,0.704
Rihanna,Where Have You Been,242680,0.719
JAY,Ni**as In Paris,219333,0.789
Maroon 5,One More Night,219546,0.716
Skrillex,Bangarang,215253,0.716
The Wanted,Chasing The Sun,198800,0.637
Flo Rida,Whistle,224653,0.747
will.i.am,This Is Love,279026,0.535
David Guetta,She Wolf,222500,0.492
Nicki Minaj,Pound The Alarm,205640,0.728
Kendrick Lamar,Swimming Pools,313786,0.716
MARINA,Primadonna,221075,0.66
Kanye West,Mercy,329320,0.563
DJ Fresh,Hot Right Now,182333,0.524
LMFAO,Sexy And I Know It,199480,0.707
PSY,Gangnam Style,219493,0.727
Kesha,Die Young,211920,0.711
Usher,Scream,234693,0.616
Olly Murs,Troublemaker,185586,0.762
Linkin Park,BURN IT DOWN,230253,0.585
Bruno Mars,Locked out of Heaven,233478,0.726
Avicii,Levels,199906,0.584
Flo Rida,Good Feeling,248133,0.706
Rihanna,Diamonds,225146,0.564
Wiz Khalifa,Work Hard - Play Hard,219026,0.787
Katy Perry,Part Of Me,216160,0.678
Nicki Minaj,Starships,210626,0.747
Kendrick Lamar,m.A.A.d city,350120,0.487
Asaf Avidan & the Mojos,One Day / Reckoning Song,212360,0.821
Florence + The Machine,Spectrum,218190,0.578
Azealia Banks,212,204956,0.847
Maroon 5,Payphone,231173,0.743
James Arthur,Impossible,209440,0.376
Michel Telo,Ai Se Eu Te Pego,166866,0.676
Otto Knows,Million Voices,192866,0.582
Icona Pop,I Love It,156773,0.71
Tyga,Rack City,203200,0.929
Calvin Harris,Feel So Close,206413,0.707
Jennifer Lopez,Dance Again,237266,0.797
Grimes,Oblivion,251266,0.697
Adele,Rumour Has It,223266,0.612
Coldplay,Paradise,278719,0.449
Chris Brown,Turn Up the Music,227973,0.594
Frank Ocean,Lost,234093,0.913
Calvin Harris,Let's Go,232800,0.71
The Script,Hall of Fame,202533,0.421
Swedish House Mafia,Don't You Worry Child,212862,0.612
MARINA,How to Be a Heartbreaker,221493,0.69
Justin Bieber,Boyfriend,171333,0.717
David Guetta,Titanium,245040,0.604
Jessie J,Domino,231840,0.758
Taylor Swift,I Knew You Were Trouble.,219720,0.622
ScHoolboy Q,Hands on the Wheel,197131,0.646
P!nk,Try,247906,0.674
Robbie Williams,Candy,201053,0.715
Snoop Dogg,Young - Wild & Free,207333,0.715
Justin Bieber,As Long As You Love Me,229466,0.571
Rita Ora,R.I.P.,228026,0.603
Alex Clare,Too Close,256613,0.588
Tyga,Faded,206666,0.831
Alesso,Years,195480,0.37
Guy Sebastian,Battle Scars,250080,0.61
Katy Perry,The One That Got Away,227333,0.687
Avicii,Silhouettes,211880,0.605
Gotye,Somebody That I Used To Know,244884,0.863
Flo Rida,Wild Ones,232946,0.608
One Direction,What Makes You Beautiful,199986,0.726
Lana Del Rey,Born To Die,286253,0.18
Kesha,C'Mon,214333,0.558
Owl City,Good Time,205933,0.56
Calvin Harris,We'll Be Coming Back,234360,0.596
Emeli Sande,Read All About It - Pt. III,283706,0.63
Ellie Goulding,Lights,210853,0.682
Train,Drive By,195973,0.765
Disclosure,Latch,255631,0.503
Coldplay,Princess of China,239215,0.42
One Direction,Live While We're Young,200186,0.658
Gym Class Heroes,Ass Back Home,222213,0.716
Carrie Underwood,Blown Away,240133,0.531
alt,Breezeblocks,227080,0.616
Chris Brown,Don't Wake Me Up,222306,0.602
Kelly Clarkson,Stronger,221946,0.562
Drake,The Motto,181573,0.766
Katy Perry,Wide Awake,220946,0.514
Rita Ora,How We Do,247026,0.738
Rudimental,Feel the Love,245186,0.389
Lana Del Rey,Ride,289080,0.373
Ne,Let Me Love You,251626,0.658
Demi Lovato,Give Your Heart a Break,205346,0.651
Drake,Take Care,277386,0.629
Little Mix,Wings,219733,0.738
Bruno Mars,It Will Rain,257720,0.576
Cher Lloyd,Want U Back,214013,0.696
Lorde,Royals,190185,0.674
Robin Thicke,Blurred Lines,263053,0.861
Imagine Dragons,Radioactive,186813,0.448
Avicii,Wake Me Up,247426,0.532
Bruno Mars,Locked out of Heaven,233478,0.726
Macklemore & Ryan Lewis,Thrift Shop,235613,0.781
Daft Punk,Get Lucky,248413,0.794
will.i.am,Scream & Shout,283400,0.772
Stromae,Papaoutai,232146,0.733
Bingo Players,Get Up,166933,0.801
Naughty Boy,La La La,220779,0.754
Tom Odell,Another Love,244360,0.445
2 Chainz,We Own It,227906,0.563
David Guetta,Play Hard,201000,0.691
Pitbull,Feel This Moment,229506,0.673
will.i.am,#thatPOWER,279506,0.797
Lil Wayne,Love Me,255053,0.669
Macklemore & Ryan Lewis,Can't Hold Us,258342,0.641
Martin Garrix,Animals,176117,0.593
Jason Derulo,Talk Dirty,177685,0.76
John Newman,Love Me Again,239894,0.495
Britney Spears,Work B**ch,247853,0.63
The Neighbourhood,Sweater Weather,240400,0.612
Sebastian Ingrosso,Reload,221272,0.485
Capital Cities,Safe And Sound,192693,0.652
Demi Lovato,Heart Attack,210840,0.504
Arctic Monkeys,Why'd You Only Call Me When You're High?,161123,0.691
Justin Bieber,Beauty And A Beat,227986,0.602
Eminem,The Monster,250188,0.781
Pitbull,Don't Stop the Party,206120,0.722
Selena Gomez,Come & Get It,231986,0.546
P!nk,True Love,230733,0.457
Disclosure,White Noise,277687,0.665
Flo Rida,I Cry,223800,0.693
Kanye West,Black Skinhead,188013,0.578
Lana Del Rey,Summertime Sadness,214912,0.572
Eminem,Berzerk,238746,0.739
Icona Pop,I Love It,157152,0.711
Fall Out Boy,My Songs Know What You Did In The Dark,186826,0.558
Lorde,Team,193058,0.691
Avicii,I Could Be The One,208316,0.509
Imagine Dragons,Demons,177506,0.505
One Direction,One Way or Another,157293,0.489
Taylor Swift,I Knew You Were Trouble.,219720,0.622
Arctic Monkeys,Do I Wanna Know?,272394,0.548
Rudimental,Waiting All Night,292586,0.544
Klangkarussell,Sonnentanz,238120,0.579
Calvin Harris,Drinking from the Bottle,240346,0.665
A$AP Rocky,F**kin' Problems,233786,0.853
P!nk,Try,247906,0.674
Ylvis,The Fox,213708,0.703
Ellie Goulding,Burn,231211,0.559
Baauer,Harlem Shake,196664,0.452
Calvin Harris,I Need Your Love,234506,0.695
Katy Perry,This Is How We Do,204285,0.69
AWOLNATION,Sail,259102,0.825
Duke Dumont,Need U,174853,0.681
Jason Derulo,The Other Side,226986,0.561
Storm Queen,Look Right Through,150400,0.832
Calvin Harris,Sweet Nothing,212560,0.573
Katy Perry,Unconditionally,228878,0.555
Wale,Bad,238826,0.807
Ciara,Body Party,234040,0.577
Drake,Started From the Bottom,174120,0.794
Birdy,Wings,252106,0.474
Bastille,Of The Night,214205,0.67
Olly Murs,Dear Darlin',206373,0.512
Katy Perry,Roar,223546,0.554
Blake Shelton,Sure Be Cool If You Did,215720,0.576
Calvin Harris,Thinking About You,247933,0.725
JAY,Holy Grail,338413,0.676
Bridgit Mendler,Ready or Not,200946,0.715
The Saturdays,What About Us,220682,0.704
Bastille,Pompeii,214147,0.679
One Direction,Best Song Ever,200106,0.652
Nelly,Hey Porsche,209466,0.726
Zedd,Clarity,271426,0.523
Miley Cyrus,Wrecking Ball,221360,0.53
Chris Brown,Fine China,213666,0.659
Daft Punk,Lose Yourself to Dance,353893,0.832
Armin van Buuren,This Is What It Feels Like,204360,0.551
Justin Timberlake,Mirrors,484146,0.574
Bruno Mars,Treasure,178560,0.874
Of Monsters and Men,Little Talks,266600,0.457
Miley Cyrus,We Can't Stop,231240,0.613
J. Cole,Power Trip,241160,0.667
Paramore,Still into You,216013,0.602
Christina Perri,human,250706,0.439
Drake,Hold On - We're Going Home,227880,0.773
James Blunt,Bonfire Heart,238000,0.575
Maroon 5,Daylight,225066,0.656
Childish Gambino,3005,235662,0.681
Avril Lavigne,Here's to Never Growing Up,214080,0.483
Taylor Swift,22,232120,0.661
Passenger,Let Her Go,252866,0.509
Ariana Grande,The Way,227026,0.645
Rihanna,Stay,240706,0.621
Justin Timberlake,Suit & Tie,326280,0.795
Bruno Mars,When I Was Your Man,213826,0.612
Florida Georgia Line,Cruise,208960,0.457
Pharrell Williams,Happy,232720,0.647
Katy Perry,Dark Horse,215672,0.647
ScHoolboy Q,Collard Greens,299960,0.826
Iggy Azalea,Fancy,199938,0.912
Maroon 5,Animals,231013,0.279
Sam Smith,Stay With Me,172723,0.418
MAGIC!,Rude,224840,0.773
Sia,Chandelier,216120,0.399
John Legend,All of Me,269560,0.422
ZHU,Faded,223386,0.861
Meghan Trainor,All About That Bass,187920,0.807
David Guetta,Lovers on the Sun,203520,0.645
Iggy Azalea,Black Widow,209423,0.743
Tove Lo,Habits,209160,0.733
Oliver Heldens,Gecko,165440,0.609
DJ Snake,You Know You Like It,247266,0.407
Jason Derulo,Talk Dirty,177685,0.76
Maroon 5,Maps,189840,0.737
David Guetta,Bad,170625,0.614
Tinashe,2 On,227000,0.742
Route 94,My Love,259934,0.814
Taylor Swift,Bad Blood,211933,0.646
Trey Songz,Na Na,231906,0.67
Calvin Harris,Under Control,184280,0.544
O.T. Genasis,CoCo,239573,0.886
Jason Derulo,Wiggle,193295,0.697
Lilly Wood and The Prick,Prayer in C,189399,0.76
Jeremih,Don't Tell 'Em,266840,0.856
Nicki Minaj,Anaconda,260240,0.964
Calvin Harris,Blame,212960,0.414
DJ Snake,Turn Down for What,213733,0.818
Pitbull,Timber,204160,0.581
OneRepublic,Counting Stars,257386,0.663
Bobby Shmurda,Hot N*gga,194561,0.794
Calvin Harris,Summer,224506,0.603
ScHoolboy Q,Man Of The Year,216013,0.743
Nico & Vinz,Am I Wrong,245866,0.729
Becky G,Shower,206166,0.699
Sigma,Nobody To Love,189720,0.441
The Chainsmokers,#SELFIE,183750,0.789
Lorde,Team,193058,0.69
Rixton,Me And My Broken Heart,193733,0.545
Klingande,Jubel,201626,0.686
Mr. Probz,Waves,208133,0.829
Paloma Faith,Only Love Can Hurt Like This,232893,0.566
Kiesza,Hideaway,251986,0.838
Ellie Goulding,Burn,231211,0.559
Ariana Grande,Break Free,214840,0.687
Kid Ink,Show Me,217800,0.711
Tove Lo,Talking Body,238426,0.736
Chris Brown,Loyal,264946,0.841
OneRepublic,Love Runs Out,224226,0.719
Olly Murs,Up,224293,0.69
Peking Duk,High,228000,0.525
Milky Chance,Stolen Dance,313684,0.885
Ed Sheeran,Don't,219840,0.806
Ariana Grande,Love Me Harder,236133,0.472
Enrique Iglesias,Bailando,243386,0.718
Avicii,Hey Brother,255093,0.545
Jessie J,Bang Bang,199386,0.706
Duke Dumont,I Got U,285596,0.636
Gorgon City,Ready For Your Love,198880,0.677
Taylor Swift,Style,231000,0.588
MKTO,Classic,175426,0.72
Disclosure,Latch,255631,0.503
Ariana Grande,Problem,193920,0.66
Charli XCX,Boom Clap,169866,0.659
One Direction,Steal My Girl,228133,0.536
Tiesto,Red Lights,263890,0.653
Selena Gomez,The Heart Wants What It Wants,227360,0.616
Rita Ora,I Will Never Let You Down,203466,0.753
5 Seconds of Summer,She Looks So Perfect,202496,0.494
The Script,Superheroes,245466,0.49
Taylor Swift,Shake It Off,219200,0.647
One Direction,Night Changes,226600,0.672
Ed Sheeran,Sing,235382,0.818
Alesso,Heroes,209866,0.521
Tiesto,Wasted,188371,0.645
G.R.L.,Ugly Heart,198306,0.65
Coldplay,A Sky Full of Stars,267866,0.545
Clean Bandit,Rather Be,227833,0.799
Zedd,Stay The Night,217346,0.596
Sia,Elastic Heart,257200,0.421
One Direction,Story of My Life,245493,0.6
Alex & Sierra,Little Do You Know,185200,0.5
Omarion,Post to Be,226580,0.733
Echosmith,Cool Kids,237626,0.719
Natalie La Rose,Somebody,189906,0.83
Vance Joy,Riptide,204280,0.484
Beyonce,Drunk in Love,323480,0.589
Maroon 5,Sugar,235493,0.744
Ella Henderson,Ghost,213213,0.68
Ed Sheeran,I See Fire,300840,0.581
Chris Brown,New Flame,244226,0.702
Sheppard,Geronimo,218227,0.707
Olly Murs,Wrapped Up,185640,0.787
Sam Smith,Money On My Mind,192670,0.688
Jason Derulo,Trumpets,217306,0.627
Nicki Minaj,Bed Of Lies,269946,0.716
Nick Jonas,Jealous,222213,0.685
Mark Ronson,Uptown Funk,269666,0.856
Ed Sheeran,Thinking out Loud,281560,0.781
Wiz Khalifa,See You Again,229525,0.689
Justin Bieber,What Do You Mean?,205680,0.845
Major Lazer,Lean On,176561,0.723
The Weeknd,Earned It,252226,0.659
Ellie Goulding,Love Me Like You Do,252534,0.262
Calvin Harris,Outside,227266,0.646
David Guetta,Hey Mama,192560,0.596
Demi Lovato,Cool for the Summer,214746,0.586
Taylor Swift,Blank Space,231826,0.76
The Weeknd,The Hills,242253,0.585
The Neighbourhood,Daddy Issues,260173,0.588
Deorro,Five More Hours,211975,0.699
Avicii,The Nights,176658,0.527
DJ Snake,You Know You Like It,247266,0.407
Adam Lambert,Ghost Town,208330,0.703
Rae Sremmurd,No Type,200080,0.891
Taylor Swift,Bad Blood,200106,0.654
Flo Rida,GDFR,190185,0.657
Robin Schulz,Sugar,219043,0.636
Calvin Harris,How Deep Is Your Love,212640,0.738
Philip George,Wish You Were Mine,177560,0.654
Trey Songz,Na Na,231906,0.67
Fall Out Boy,Centuries,228360,0.393
Rob $tone,Chill Bill,177184,0.886
Lost Frequencies,Are You With Me,138842,0.776
Twenty One Pilots,Stressed Out,202333,0.734
Fifth Harmony,Worth It,224573,0.884
KALEO,Way down We Go,219560,0.59
Sam Smith,Like I Can,167065,0.656
Major Lazer,Light It Up,166138,0.746
Martin Solveig,Intoxicated,159693,0.8
Avicii,Waiting For Love,230613,0.579
Felix Jaehn,Ain't Nobody,186146,0.778
Taylor Swift,Wildest Dreams,220440,0.553
The Weeknd,In The Night,235653,0.48
Pitbull,Time of Our Lives,229360,0.721
Galantis,Runaway,227073,0.506
Rihanna,Bitch Better Have My Money,219305,0.781
Zara Larsson,Lush Life,202213,0.658
One Direction,Drag Me Down,192120,0.73
Travis Scott,Antidote,262693,0.713
Years & Years,King,215360,0.559
Demi Lovato,Confident,205745,0.594
Lemaitre,Closer,270589,0.583
Selena Gomez,Same Old Love,229080,0.672
Pia Mia,Do It Again,207746,0.712
Flo Rida,My House,192190,0.688
Silento,Watch Me,185131,0.819
Chris Brown,Ayo,225226,0.823
The Strumbellas,Spirits,203653,0.556
Fetty Wap,Trap Queen,222093,0.746
Tove Lo,Talking Body,238426,0.736
Beyonce,11,213506,0.747
Lana Del Rey,High By The Beach,257573,0.536
Zara Larsson,Never Forget You,213427,0.583
Jeremih,oui,238320,0.418
Drake,Hotline Bling,267066,0.891
Selena Gomez,Kill Em With Kindness,217906,0.757
Birdy,Let It All Go,280757,0.383
Fetty Wap,679,196693,0.618
Ariana Grande,Love Me Harder,236133,0.472
The Weeknd,Can't Feel My Face,213520,0.705
SAYGRACE,You Don't Own Me,199314,0.336
X Ambassadors,Renegades,195200,0.526
R. City,Locked Away,227480,0.509
Kygo,Stole the Show,223186,0.64
Tame Impala,The Less I Know The Better,216320,0.64
Selena Gomez,Good For You,221560,0.6
Fetty Wap,My Way,213053,0.748
Hozier,Take Me To Church,241688,0.566
Taylor Swift,Style,231000,0.588
Alessia Cara,Here,199453,0.379
Sam Smith,Writing's On The Wall,278987,0.261
David Guetta,Bang My Head,193333,0.599
Meek Mill,All Eyes on You,223973,0.589
Big Sean,I Don't Fuck With You,284386,0.824
Kygo,Firestone,271640,0.704
Drake,Jumpman,205879,0.853
Petit Biscuit,Sunset Lover,237792,0.783
Shawn Mendes,Stitches,206880,0.746
Flo Rida,I Don't Like It - I Love It,224258,0.854
Selena Gomez,The Heart Wants What It Wants,227373,0.616
Jack U,Where Are U Now,250285,0.432
Ellie Goulding,On My Mind,213445,0.699
Bryson Tiller,Don't,198293,0.765
Rich Homie Quan,Flex,176674,0.676
Joel Adams,Please Don't Go,210580,0.513
Zedd,I Want You To Know,238800,0.561
Jonas Blue,Fast Car,212424,0.644
BARNS,Electric Love,218173,0.373
Sigala,Easy Love,229813,0.68
Justin Bieber,Sorry,200786,0.654
Ariana Grande,One Last Time,197266,0.628
Little Mix,Black Magic,211773,0.777
One Direction,Perfect,230333,0.647
Years & Years,Shine,255506,0.667
Meghan Trainor,Lips Are Movin,182666,0.775
Nicky Jam,El Perdon,206666,0.736
The Weeknd,Starboy,230453,0.681
Drake,One Dance,173986,0.792
Justin Bieber,Love Yourself,233720,0.609
The Chainsmokers,Closer,244960,0.748
Adele,Hello,295502,0.471
Desiigner,Panda,246761,0.576
Burak Yeter,Tuesday,241874,0.841
Sia,Cheap Thrills,224813,0.592
OneRepublic,Wherever I Go,169773,0.552
Rihanna,Work,219320,0.725
Coldplay,Hymn for the Weekend,258266,0.491
Justin Bieber,Sorry,200786,0.654
Justin Timberlake,CAN'T STOP THE FEELING!,236001,0.666
WILLOW,Wait a Minute!,196520,0.764
Desiigner,Tiimmy Turner,239853,0.603
G,Me - Myself & I,251466,0.756
David Guetta,This One's for You,207272,0.367
Astrid S,Hurts So Good,208728,0.672
Lil Wayne,Sucker for Pain,243490,0.502
Twenty One Pilots,Heathens,195920,0.732
Future,Low Life,313546,0.722
Galantis,No Money,189126,0.671
The Chainsmokers,Don't Let Me Down,208373,0.532
Tinie Tempah,Girls Like,196000,0.916
Alok,Hear Me Now,192846,0.788
Jon Bellion,All Time Low,217603,0.617
Cheat Codes,Sex,228361,0.51
Meghan Trainor,NO,213506,0.557
Dua Lipa,Hotter Than Hell,187957,0.532
Martin Garrix,In the Name of Love,195706,0.501
Alan Walker,Faded,212106,0.468
Tove Lo,Cool Girl,197815,0.674
DJ Snake,Let Me Love You,205946,0.649
Calvin Harris,This Is What You Came For,222160,0.631
Mike Posner,I Took A Pill In Ibiza,197933,0.664
Kevin Gates,2 Phones,240000,0.895
Rihanna,Needed Me,191600,0.671
Ariana Grande,Side To Side,226160,0.648
Marshmello,Alone,273802,0.631
Shawn Mendes,I Know What You Did Last Summer,223853,0.687
Selena Gomez,Same Old Love,229080,0.672
Calvin Harris,My Way,219159,0.818
Fitz and The Tantrums,HandClap,193253,0.636
Twenty One Pilots,Ride,214506,0.645
Flo Rida,My House,192190,0.688
Ariana Grande,Dangerous Woman,235946,0.677
Anne,Alarm,205593,0.756
Charlie Puth,We Don't Talk Anymore,217706,0.728
AlunaGeorge,I'm In Control,209425,0.734
Enrique Iglesias,DUELE EL CORAZON,199693,0.716
MNEK,Never Forget You,213427,0.583
Mike Perry,The Ocean,183414,0.632
Drake,Hotline Bling,267066,0.903
Ariana Grande,Into You,244453,0.623
Shawn Mendes,Treat You Better,187973,0.444
Tory Lanez,Say It,237786,0.546
Coldplay,Adventure of a Lifetime,263786,0.638
Kungs,This Girl,195561,0.79
SAYGRACE,You Don't Own Me,201493,0.332
X Ambassadors,Renegades,195200,0.526
DNCE,Cake By The Ocean,219146,0.774
99 Souls,The Girl Is Mine,216613,0.683
Illy,Papercuts,255889,0.369
Kiiara,Gold,225882,0.6
Kygo,Stole the Show,222813,0.678
Fifth Harmony,Work from Home,214480,0.803
Drake,Pop Style,212946,0.713
ZAYN,PILLOWTALK,203686,0.588
Alessia Cara,Here,199453,0.376
DJ Snake,Middle,220573,0.611
Sigala,Sweet Lovin',202149,0.683
Drake,Jumpman,205879,0.852
Charlie Puth,Dangerously,199133,0.696
Nick Jonas,Close,234213,0.654
Jonas Blue,Perfect Strangers,196613,0.742
Major Lazer,Cold Water,185351,0.608
The Chainsmokers,Roses,226738,0.713
Tory Lanez,LUV,228640,0.688
P!nk,Just Like Fire,215413,0.632
Bryson Tiller,Don't,198293,0.765
Steve Aoki,Just Hold On,198774,0.647
Clean Bandit,Tears,225914,0.605
Jonas Blue,Fast Car,212424,0.459
Flume,Never Be Like You,233337,0.443
Bastille,Good Grief,206493,0.73
Sia,The Greatest,210226,0.668
PARTYNEXTDOOR,Not Nice,202661,0.598
Garrett Nash,i hate u - i love u,251033,0.492
Hilltop Hoods,1955,239280,0.766
Fifth Harmony,All In My Head,210573,0.689
Daya,Sit Still - Look Pretty,202221,0.657
Kent Jones,Don't Mind,198236,0.464
Flume,Say It,262521,0.581
Bryson Tiller,Exchange,194613,0.525
Mo,Final Song,235826,0.695
Beyonce,Sorry,232560,0.775
Little Mix,Shout Out to My Ex,246240,0.773
The Lumineers,Ophelia,160097,0.664
Frank Ocean,Pink + White,184516,0.544
Drake,Too Good,263373,0.794
Ed Sheeran,Shape of You,233712,0.825
Sean Paul,No Lie,221176,0.742
Luis Fonsi,Despacito,228200,0.66
Sam Smith,Too Good At Goodbyes,201000,0.681
Clean Bandit,Rockabye,251088,0.72
Camila Cabello,Havana,216896,0.768
Imagine Dragons,Thunder,187146,0.6
Maroon 5,Don't Wanna Know,214265,0.783
The Chainsmokers,Something Just Like This,247160,0.617
Ed Sheeran,Perfect,263400,0.599
MGMT,Little Dark Age,299960,0.705
Travis Scott,goosebumps,243836,0.841
Billie Eilish,Bored,180933,0.614
Future,Mask Off,204600,0.833
G,Him & I,268866,0.589
Maroon 5,Cold,234308,0.697
Rae Sremmurd,Swang,208120,0.681
Lil Peep,Save That Shit,231546,0.534
A$AP Ferg,Plain Jane,173600,0.797
French Montana,Unforgettable,233901,0.726
21 Savage,Bank Account,220306,0.884
Axwell /\ Ingrosso,More Than You Know,203000,0.645
ZAYN,Dusk Till Dawn,239000,0.259
J Balvin,Mi Gente,189029,0.548
Jax Jones,You Don't Know Me,213946,0.876
Rae Sremmurd,Black Beatles,291893,0.794
Zara Larsson,Ain't My Fault,224030,0.576
Travis Scott,BUTTERFLY EFFECT,190677,0.763
Ayo & Teo,Rolex,238586,0.804
Lil Uzi Vert,XO Tour Llif3,182706,0.732
Imagine Dragons,Whatever It Takes,201240,0.672
Rob $tone,Chill Bill,177184,0.886
Jason Derulo,Swalla,216408,0.696
G,No Limit,245386,0.838
Playboi Carti,Magnolia,181812,0.791
Chord Overstreet,Hold On,198853,0.618
Jax Jones,Breathe,207629,0.722
Imagine Dragons,Believer,204346,0.779
Natti Natasha,Criminal,232549,0.814
Kendrick Lamar,HUMBLE.,177000,0.906
Selena Gomez,Fetish,186112,0.708
Charlie Puth,Attention,211475,0.774
Big Shaq,Man's Not Hot,186026,0.905
Anne,Ciao Adios,200104,0.698
Rag'n'Bone Man,Human,200186,0.602
blackbear,do re mi,212027,0.745
Lil Pump,Gucci Gang,124055,0.936
Taylor Swift,Look What You Made Me Do,211853,0.766
Enrique Iglesias,SUBEME LA RADIO,207680,0.688
Kodak Black,Tunnel Vision,268186,0.497
Kendrick Lamar,DNA.,185946,0.636
A Boogie Wit da Hoodie,Drowning,209269,0.839
XXXTENTACION,Jocelyn Flores,119133,0.872
Migos,Bad and Boujee,343150,0.926
Yo Gotti,Rake It Up,276333,0.91
Martin Garrix,Scared to Be Lonely,220883,0.584
Jonas Blue,Mama,181614,0.739
Martin Jensen,Solo Dance,174933,0.744
Taylor Swift,...Ready For It?,208186,0.613
David Guetta,2U,194896,0.548
Migos,Slippery,304041,0.92
Shawn Mendes,There's Nothing Holdin' Me Back,199440,0.857
G,Good Life,225520,0.572
The Vamps,All Night,197640,0.538
Dua Lipa,New Rules,212000,0.763
Cardi B,Bodak Yellow,223962,0.929
Rag'n'Bone Man,Skin,239626,0.564
Zara Larsson,I Would Like,226720,0.486
DJ Khaled,Wild Thoughts,204173,0.671
Post Malone,Congratulations,220293,0.63
Avicii,Without You,181672,0.662
Clean Bandit,Symphony,214866,0.718
Katy Perry,Chained To The Rhythm,237733,0.562
Zay Hilfigerrr,Juju on That Beat,144244,0.807
Calvin Harris,Feels,223413,0.893
Migos,T,242407,0.865
OneRepublic,Rich Love,201256,0.401
Maggie Lindemann,Pretty Girl,193613,0.703
Macklemore,Glorious,220454,0.731
Hayden James,NUMB,217296,0.617
Liam Payne,Strip That Down,204502,0.869
Drake,Passionfruit,298940,0.809
Justin Bieber,Friends,189466,0.744
ZAYN,I Dont Wanna Live Forever,245200,0.735
Alessia Cara,Scars To Your Beautiful,230226,0.319
2 Chainz,It's A Vibe,210200,0.822
Starley,Call on Me,222040,0.67
AJR,Weak,201160,0.673
Lana Del Rey,Lust for Life,264011,0.499
CNCO,Reggaeton Lento,188786,0.623
The Vamps,Middle Of The Night,174600,0.588
The Weeknd,I Feel It Coming,269186,0.773
The Chainsmokers,Paris,221506,0.653
Big Sean,Bounce Back,222360,0.78
Shawn Mendes,Mercy,208733,0.561
Avicii,Lonely Together,181812,0.655
Cheat Codes,No Promises,223503,0.741
Bruno Mars,24K Magic,225983,0.818
Lorde,Homemade Dynamite,214254,0.781
Kygo,It Ain't Me,220780,0.64
Drake,God's Plan,198973,0.754
Post Malone,rockstar,218146,0.585
Offset,Ric Flair Drip,172800,0.88
G,Him & I,268866,0.589
Dynoro,In My Mind,184560,0.694
Juice WRLD,Lucid Dreams,239835,0.511
Zedd,The Middle,184732,0.753
Marshmello,FRIENDS,202620,0.626
Cardi B,I Like It,253390,0.816
XXXTENTACION,Moonlight,135090,0.921
Ariana Grande,no tears left to cry,205920,0.699
Sheck Wes,Mo Bamba,183906,0.729
Calvin Harris,One Kiss,214846,0.791
Tyga,Taste,232959,0.884
Travis Scott,SICKO MODE,312820,0.834
Imagine Dragons,Natural,189466,0.704
DJ Snake,Taki Taki,212500,0.842
Marshmello,Spotlight,177600,0.546
The Weeknd,Pray For Me,211440,0.735
Billie Eilish,lovely,200185,0.351
Migos,Walk It Talk It,276147,0.907
Clean Bandit,Solo,222653,0.737
Drake,Nonstop,238614,0.912
6ix9ine,FEFE,179404,0.931
The Weeknd,Call Out My Name,228373,0.461
Nio Garcia,Te Bote,417920,0.903
Migos,MotorSport,303076,0.904
Nicky Jam,X,172854,0.594
XXXTENTACION,SAD!,166605,0.74
Becky G,Sin Pijama,188560,0.791
Machine Gun Kelly,Home,202804,0.653
6ix9ine,GUMMO,157643,0.66
Jax Jones,Breathe,207629,0.722
The Chainsmokers,Sick Boy,193200,0.663
Jay Rock,King's Dead,229670,0.645
Rich The Kid,Plug Walk,175229,0.876
Kendrick Lamar,All The Stars,232186,0.698
Logic,Everyday,204746,0.667
Jason Derulo,Tip Toe,187521,0.845
Ariana Grande,God is a woman,197546,0.602
Rae Sremmurd,Powerglide,332300,0.713
EO,German,170825,0.862
Dennis Lloyd,Nevermind,156600,0.6
girl in red,we fell in love in october,184153,0.566
Selena Gomez,Wolves,197993,0.724
Tiesto,Jackie Chan,215759,0.747
Tom Walker,Leave a Light On,185863,0.586
Sofia Reyes,1 - 2 - 3,201526,0.792
Marshmello,Silence,180822,0.52
5 Seconds of Summer,Youngblood,203417,0.596
Loud Luxury,Body,163216,0.752
Liam Payne,For You,245453,0.541
NF,Let You Down,212120,0.662
XXXTENTACION,changes,121886,0.669
Maluma,Corazon,184720,0.722
Cardi B,Bodak Yellow,223712,0.926
Lil Baby,Yes Indeed,142273,0.963
Jonas Blue,Rise,194407,0.687
David Guetta,Flames,194680,0.631
Ozuna,Vaina Loca,176133,0.754
Charlie Puth,How Long,200853,0.845
Post Malone,Better Now,231266,0.68
BlocBoy JB,Look Alive,181263,0.922
Eminem,River,221013,0.748
Marshmello,Happier,214289,0.687
Dean Lewis,Be Alright,196373,0.553
Charlie Puth,Done for Me,180493,0.856
Migos,Stir Fry,190288,0.817
YG,BIG BANK,237240,0.745
Drake,In My Feelings,217925,0.835
B Young,Jumanji,173153,0.791
Charlie Puth,The Way I Am,186080,0.755
Reik,Me Niego,221653,0.777
benny blanco,Eastside,173799,0.56
Luis Fonsi,Echame la culpa,173720,0.733
MK,17,196489,0.703
Rita Ora,Anywhere,215064,0.628
Banx & Ranx,Answerphone,190920,0.671
Ella Mai,Trip,213993,0.477
Daddy Yankee,Dura,200480,0.783
DJ Khaled,No Brainer,260000,0.552
Anne,2002,186986,0.697
Bruno Mars,Finesse,217288,0.704
FINNEAS,Let's Fall in Love for the Night,190348,0.737
Hugh Jackman,The Greatest Show,302146,0.417
Halsey,Bad At Love,181279,0.675
Drake,I'm Upset,214466,0.899
Camila Cabello,Never Be the Same,226973,0.637
M.O,Bad Vibe,214253,0.813
Dua Lipa,IDGAF,217946,0.836
Cashmere Cat,Miss You,186231,0.747
Bazzi,Mine,131064,0.71
Lil Dicky,Freaky Friday,216631,0.755
Lauv,I Like Me Better,197436,0.752
The Chainsmokers,This Feeling,197946,0.575
Maroon 5,Girls Like You,235545,0.851
Khalid,Love Lies,201707,0.708
Drake,Nice For What,210746,0.585
Kendrick Lamar,LOVE. FEAT. ZACARI.,213400,0.8
Post Malone,Psycho,221440,0.75
Lil Nas X,Old Town Road,157066,0.878
Billie Eilish,bad guy,194087,0.701
Shawn Mendes,Senorita,190799,0.759
Ariana Grande,7 rings,178626,0.778
Post Malone,Sunflower,157560,0.755
Gesaffelstein,Lost in the Fire,202093,0.658
Halsey,Without Me,201660,0.752
Regard,Ride It,157605,0.88
Lady Gaga,Shallow,215733,0.572
Mark Ronson,Nothing Breaks Like a Heart,217466,0.601
Lewis Capaldi,Someone You Loved,182160,0.501
Jax Jones,All Day And Night,169303,0.585
Mustard,Pure Water,192470,0.682
NLE Choppa,Shotta Flow,176631,0.894
Kodak Black,ZEZE,228759,0.861
Daddy Yankee,Con Calma,193226,0.737
Alec Benjamin,Let Me Down Slowly,169353,0.652
BLACKPINK,Kill This Love,189052,0.738
Offset,Clout,205803,0.919
MEDUZA,Piece Of Your Heart,152913,0.677
Ed Sheeran,Antisocial,161746,0.716
Travis Scott,SICKO MODE,312820,0.834
Mabel,Mad Love,169813,0.631
Lana Del Rey,Doin' Time,202192,0.641
DJ Snake,Taki Taki,212500,0.842
A Boogie Wit da Hoodie,Look Back at It,179449,0.791
Saweetie,My Type,126446,0.899
Lil Tecca,Ransom,131240,0.745
Russ Millions,Keisha & Becky,252906,0.863
Billie Eilish,lovely,200185,0.351
Mabel,Don't Call Me Up,178480,0.674
Lil Nas X,Old Town Road,113000,0.907
Meek Mill,Going Bad,180522,0.889
Post Malone,Wow.,149546,0.829
Doja Cat,Juicy,202333,0.786
A Boogie Wit da Hoodie,Swervin,189486,0.581
iann dior,emotions,131213,0.63
Paulo Londra,Adan y Eva,256971,0.767
Drake,Money In The Grave,205426,0.831
Lil Nas X,Panini,114893,0.703
Bad Bunny,MIA,210367,0.817
Polo G,Pop Out,166560,0.772
Juice WRLD,Robbery,240050,0.685
21 Savage,a lot,288624,0.837
Young Thug,The London,200106,0.796
Anuel AA,China,301714,0.786
Camila Cabello,Liar,207038,0.74
Flipp Dinero,Leave Me Alone,195637,0.792
Cardi B,Money,183527,0.95
Ariana Grande,break up with your girlfriend - i'm bored,190440,0.726
Dave,Location,241293,0.812
Ava Max,Sweet but Psycho,187436,0.719
Dua Lipa,Don't Start Now,183290,0.794
Young T & Bugsey,Strike a Pose,214203,0.531
Calvin Harris,Giant,229184,0.807
Ed Sheeran,Take Me Back to London,189733,0.885
Cardi B,Please Me,200889,0.747
Stormzy,Vossi Bop,196266,0.682
Tones And I,Dance Monkey,209438,0.824
Ariana Grande,boyfriend,186106,0.4
Bad Bunny,Callaita,250533,0.61
Ava Max,So Am I,183026,0.682
Pedro Capo,Calma,238200,0.826
J. Cole,MIDDLE CHILD,213593,0.837
Lunay,Soltera,266086,0.795
Khalid,Better,229412,0.442
Blueface,Thotiana,129264,0.906
DaBaby,Suge,163320,0.876
AJ Tracey,Ladbroke Grove,190537,0.903
Billie Eilish,bury a friend,193143,0.905
BTS,Boy With Luv,229773,0.645
Wiley,Boasty,177185,0.887
Jonas Brothers,Only Human,183000,0.795
5 Seconds of Summer,Easier,157492,0.505
Avicii,SOS,157202,0.802
Tyler - The Creator,EARFQUAKE,190066,0.554
Ashley O,On A Roll,154447,0.736
Dominic Fike,3 Nights,177666,0.815
Sigala,Wish You Well,205653,0.669
Megan Thee Stallion,Hot Girl Summer,199427,0.872
Anuel AA,Secreto,258800,0.807
Sam Feldt,Post Malone,174444,0.59
Kehlani,Nights Like This,201787,0.61
Sech,Otro Trago,225933,0.746
Post Malone,Better Now,231266,0.68
Ed Sheeran,Cross Me,206186,0.746
Lauv,i'm so tired...,162582,0.599
iann dior,gone girl,136568,0.677
Panic! At The Disco,High Hopes,190946,0.579
Marshmello,One Thing Right,181823,0.659
Sam Smith,How Do You Sleep?,202204,0.477
NSG,Options,240081,0.836
Normani,Motivation,193837,0.599
Joel Corry,Sorry,188640,0.744
Post Malone,Goodbyes,174960,0.58
Jonas Brothers,Sucker,181026,0.842
Taylor Swift,Cruel Summer,178426,0.552
Blanco Brown,The Git Up,200593,0.847
Sam Smith,Dancing With A Stranger,171029,0.741
Post Malone,Circles,215280,0.695